{
  "train_loss": [
    0.9721428028442575,
    0.7396177281186266,
    0.7068182274980365,
    0.6785292707899082,
    0.6659007401398893,
    0.6465229780044196,
    0.6227764385113926,
    0.6129522179282686,
    0.5927319758155811,
    0.5779766248269651,
    0.571765754020439,
    0.5686535785595576,
    0.5776026509467911,
    0.5676543555638325,
    0.5491363180789558,
    0.5545630297570858,
    0.5534908604696862,
    0.5383093515469594,
    0.5399049262768068,
    0.5277173060384936,
    0.5408594659851782,
    0.5160710667289278,
    0.5266749377614297,
    0.5103330832419906,
    0.5204609906148611,
    0.5139282375761548,
    0.5070199778057495,
    0.49898658130528795,
    0.5064696277837334,
    0.5031887654613398,
    0.49466766262391826,
    0.4937579431717501,
    0.48701860507329303,
    0.4879033143321673,
    0.48245357140992423,
    0.48395508701134027,
    0.4776566579188191,
    0.472319558450261,
    0.48121171243160776,
    0.4706329497619995,
    0.4718010444311226,
    0.47492807667772724,
    0.45875623508256935,
    0.4682575121709386,
    0.4572446497168931,
    0.45746889293381254,
    0.45810521328411763,
    0.4500217204386333,
    0.4618306404577111,
    0.4539413075870688,
    0.44903276035995604,
    0.4425945473635722,
    0.4449686751987949,
    0.43909318314033485,
    0.4358257902024677,
    0.43649703568819936,
    0.4404730400855436,
    0.4319021087959877,
    0.4368172363383965,
    0.4359511801937841,
    0.4230232185350274,
    0.4206270269065533,
    0.4262898790667642,
    0.42265905856898744,
    0.42181428971717944,
    0.4136394774014095,
    0.41768525747008295,
    0.4156232712872373,
    0.417941947496912,
    0.4132371074842207,
    0.411381001554945,
    0.40835772993617087,
    0.403677077553932,
    0.4078378153953162,
    0.40100280753096695,
    0.40789891521698274,
    0.40320678097459506,
    0.4023872824303759,
    0.39838514228661853,
    0.40048372389385534,
    0.3942321055808907,
    0.3924117706388048,
    0.3956248700712462,
    0.39256074138969743,
    0.3958899265846366,
    0.40224077665018587,
    0.3906994709428751,
    0.39689652214072785,
    0.39029586540078215,
    0.3884062667687734,
    0.38651493224520356,
    0.3838497748914755,
    0.3876943826769133,
    0.39010761636045743,
    0.39120491898659643,
    0.3837744988173059,
    0.3930404291212934,
    0.39160950795846916,
    0.3895857723066642,
    0.38545273980067213
  ],
  "train_seg_loss": [
    0.6140006452611407,
    0.42205999543269473,
    0.40684156996086707,
    0.3881704639994873,
    0.37728597500226785,
    0.36255242949667965,
    0.3478884585436035,
    0.3390554910373388,
    0.3221464675599299,
    0.31147555671866584,
    0.307245430425278,
    0.3054848348710147,
    0.31552761837652643,
    0.3082131982177683,
    0.29373531720642027,
    0.29849051930150894,
    0.2988100895107542,
    0.2859844637554397,
    0.28824034485520805,
    0.2780512122191348,
    0.29348469959021367,
    0.2701831726392485,
    0.2804996093629666,
    0.26721791583318383,
    0.2776058218998354,
    0.2740389499461876,
    0.26608794412148074,
    0.25992623554929245,
    0.27003872596055456,
    0.26812726851997887,
    0.2594694004821702,
    0.2606896868901058,
    0.2550655806542568,
    0.2579139272606223,
    0.2518373113477005,
    0.256044550699258,
    0.25039755861105034,
    0.24742461150547243,
    0.2549719284025003,
    0.2477355171463587,
    0.2503127880956767,
    0.2545923605889269,
    0.23924168817839533,
    0.24741211578062494,
    0.23891324653003201,
    0.24055789840999264,
    0.24236996717891604,
    0.23486102407552162,
    0.24838828464161675,
    0.240034883478715,
    0.2372329792933269,
    0.23222500521619366,
    0.234374066639059,
    0.2324641248996153,
    0.22996160826124484,
    0.23165021311936887,
    0.23613632834698045,
    0.2293790764403793,
    0.23527125912314317,
    0.2355038324288977,
    0.22357820553131075,
    0.22207953410703432,
    0.229449756420071,
    0.2273647038722938,
    0.22576779565252597,
    0.21963916330030128,
    0.2246315789602275,
    0.22379985499728774,
    0.22773223756900374,
    0.22541952493992992,
    0.22306139857373522,
    0.22066281433656532,
    0.21686954847859136,
    0.22222646287167971,
    0.216952559450325,
    0.22342646218039705,
    0.21952612482526768,
    0.2192442684006766,
    0.2194471510021754,
    0.21918247378893993,
    0.21291192099686312,
    0.21242088803424025,
    0.21609955865585204,
    0.21412008456042353,
    0.2166664879066202,
    0.2240371807894242,
    0.21100521484776488,
    0.22076118192723337,
    0.21248131144627835,
    0.21050943588873125,
    0.20939271518691155,
    0.20735061939501162,
    0.21218029321786366,
    0.21371821838917224,
    0.21623649991720728,
    0.20796444508358367,
    0.21684840725699686,
    0.2152523982613904,
    0.21310265853110724,
    0.21007828514015525
  ],
  "train_skel_loss": [
    0.04476776992046983,
    0.039694716486166105,
    0.037497082414726414,
    0.0362948510362386,
    0.03607684590578454,
    0.03549631849610768,
    0.03436099744911464,
    0.03423709084965148,
    0.03382318840602284,
    0.03331263342860547,
    0.03306504062511636,
    0.03289609296985392,
    0.032759379238218256,
    0.0324301444661786,
    0.03192512513542513,
    0.032009063681013555,
    0.03183509630836406,
    0.03154061100322683,
    0.03145807259862528,
    0.03120826165420267,
    0.030921845673437014,
    0.030735986734851724,
    0.030771916175741446,
    0.030389395952459028,
    0.03035689601616102,
    0.029986160737023038,
    0.030116504315966332,
    0.029882543169711746,
    0.02955386268103835,
    0.029382687354893803,
    0.02939978280872013,
    0.0291335320439916,
    0.02899412797623367,
    0.028748673474732436,
    0.028827032607353333,
    0.028488816918934103,
    0.028407387514510808,
    0.02811186837102726,
    0.028279972971422866,
    0.027862179183852184,
    0.027686032135648735,
    0.027541964473027102,
    0.02743931822830214,
    0.027605674416998273,
    0.02729142544814532,
    0.027113874322799204,
    0.026966905780722323,
    0.026895086966314406,
    0.026680294289575808,
    0.026738303010615538,
    0.02647497270947451,
    0.02629619269227644,
    0.026324326131469424,
    0.025828632347449754,
    0.025733022818798728,
    0.02560585292946524,
    0.025542089071288798,
    0.02531537897416256,
    0.025193247238302942,
    0.025055918379821494,
    0.02493062665475146,
    0.02481843667022837,
    0.024605015398196456,
    0.02441179429022771,
    0.024505811497428507,
    0.024250039227494278,
    0.02413170970683484,
    0.02397792702599329,
    0.023776213846421278,
    0.023477197832679784,
    0.02353995031261313,
    0.023461864370876138,
    0.023350941219349514,
    0.023201419037632034,
    0.02300628087243194,
    0.023059056576856838,
    0.02296008188980368,
    0.02289287672442554,
    0.022367249035024607,
    0.022662656106429657,
    0.02266502310668335,
    0.022498860433931997,
    0.022440663877136585,
    0.02230508204362115,
    0.022402929927005707,
    0.02227544951481077,
    0.022461782030925248,
    0.02201691757501015,
    0.022226819294100662,
    0.022237103742857773,
    0.022140277215754085,
    0.02206239449270304,
    0.021939261274634855,
    0.02204867483427127,
    0.021871052421746577,
    0.02197625669035709,
    0.02202400271985797,
    0.022044638696027064,
    0.02206038915897784,
    0.021921806752025708
  ],