{
  "train_loss": [
    1.1421529825003642,
    0.8936571362633375,
    0.8418652986955343,
    0.8126657014747836,
    0.7832910097994894,
    0.7785488180581879,
    0.7517545927058226,
    0.7440270341042453,
    0.7248127309593765,
    0.7050532392173443,
    0.7039318332132304,
    0.6903586919015309,
    0.698993298523831,
    0.6884026034448132,
    0.6783444597473685,
    0.6731545770505689,
    0.6619586589388877,
    0.6621591595921127,
    0.6541707435119077,
    0.642306055850203,
    0.6494304354085862,
    0.6398258989899414,
    0.6313061315870885,
    0.6238003968255325,
    0.6298023518526329,
    0.632519837914023,
    0.6241399982252961,
    0.6105397767240897,
    0.6167564561719414,
    0.6075804945807787,
    0.5970347208796807,
    0.599704863702726,
    0.594068669954186,
    0.5947799182163095,
    0.5935244501199363,
    0.595136007422921,
    0.5809905381416375,
    0.5807239944642445,
    0.5909263649076786,
    0.5762324147629287,
    0.5702863460254369,
    0.5722300512891896,
    0.56156987092405,
    0.5668579648313282,
    0.5484584140702613,
    0.5601009606565319,
    0.547643151157682,
    0.5458144374051184,
    0.5607940586482953,
    0.5519230004938893,
    0.5453889745773759,
    0.5369820215229718,
    0.5425666867749496,
    0.5317491595194025,
    0.525475043170857,
    0.5297549613429315,
    0.5267418610318652,
    0.5202695754526546,
    0.5255175302238584,
    0.5226796722543314,
    0.512474183344616,
    0.5064309997097501,
    0.5228713084972879,
    0.5008283861965503,
    0.5008013625658533,
    0.5009161262485966,
    0.5073781244503627,
    0.49781077959627473,
    0.4962791938733005,
    0.49849141928010016,
    0.48654089535369816,
    0.49013325197141877,
    0.478209839114603,
    0.4886118920531663,
    0.48651556558204145,
    0.48066664130995107,
    0.48635358808550444,
    0.4789410540892643,
    0.47784887071488036,
    0.4742660585720584,
    0.4711654784638177,
    0.4696680560426892,
    0.47082224113386384,
    0.46964050984045247,
    0.4696525288921482,
    0.4704243499527937,
    0.46716843236167477,
    0.4710914335160885,
    0.46714368026773884,
    0.46321616926283204,
    0.46296055254133994,
    0.4610274667447468,
    0.46147092459899075,
    0.46427773956045415,
    0.47106671328627087,
    0.4576411853608845,
    0.46112287072640545,
    0.4699787682144897,
    0.4643902505906123,
    0.4600635550025874
  ],
  "train_seg_loss": [
    0.6105695486349879,
    0.4209988590025302,
    0.39307040238530383,
    0.3788436490972087,
    0.35524905182468064,
    0.3566719504694144,
    0.34229191125563857,
    0.33968946942180955,
    0.3239578176406944,
    0.30806405591608593,
    0.3116933421565677,
    0.30370177337958376,
    0.311539814251024,
    0.3044664235375587,
    0.30040966000103353,
    0.2960044339111766,
    0.2894142745004135,
    0.28742025598133886,
    0.2810147168969958,
    0.2745485491347763,
    0.2818972760073419,
    0.2734480292870189,
    0.2704427535147787,
    0.2679487297182563,
    0.27189706003515973,
    0.2770463297108434,
    0.2682772253013257,
    0.2584158444085961,
    0.26840982279218967,
    0.2604952543364756,
    0.2509176180282104,
    0.2577677980159064,
    0.25271488355952987,
    0.25713223425097437,
    0.255141167145855,
    0.25742385901932446,
    0.24679411008204305,
    0.25035592740249335,
    0.25883076260299803,
    0.2492921639397834,
    0.24326010793447495,
    0.25016569390705545,
    0.24032933714817156,
    0.24482255140846632,
    0.23177826057814951,
    0.24332869843632546,
    0.2339452471841806,
    0.23316150192616494,
    0.2478310389666812,
    0.24260966711730328,
    0.23558125004125466,
    0.23104104577745282,
    0.23671403585833573,
    0.22974245923823156,
    0.22779699700808376,
    0.23206934159469306,
    0.23207030220414107,
    0.22611128822343904,
    0.23425097369922782,
    0.23165082517987903,
    0.22319579491122338,
    0.21925037307371883,
    0.2362017568271115,
    0.2220795527803448,
    0.22111317449770634,
    0.2198640747030951,
    0.2284362960442807,
    0.2225128070527465,
    0.2249758178778227,
    0.226576663682577,
    0.2167014155724326,
    0.21907926772562963,
    0.21122071571038953,
    0.2218139467046321,
    0.2192466555268697,
    0.21764478475183435,
    0.22322944988666465,
    0.22050327254728702,
    0.21928101281325021,
    0.21611997403157582,
    0.21253506049701254,
    0.21030990156175206,
    0.213576905253642,
    0.21439762028086484,
    0.21376674548494365,
    0.21731390256973557,
    0.21190773316149442,
    0.21813467854879937,
    0.21146170649700943,
    0.20907899571008653,
    0.21032969978104973,
    0.2099260050194256,
    0.2100953544905913,
    0.21154104743691735,
    0.21767520694847,
    0.20413579087727848,
    0.21211810770837017,
    0.21587687625356441,
    0.21141215440752748,
    0.20781451276263352
  ],
  "train_skel_loss": [
    0.04429861938334861,
    0.039388189707302824,
    0.03739957461637333,
    0.03615183777427711,
    0.0356701629868937,
    0.03515640574173545,
    0.03412189017746996,
    0.03369479707834668,
    0.03340457620556062,
    0.03308243194958137,
    0.03268654086867218,
    0.032221409855351886,
    0.03228779029358858,
    0.031994681594506746,
    0.03149456664357545,
    0.03142917869647719,
    0.031045365410874475,
    0.031228241973421857,
    0.031096335523908242,
    0.030646459088198044,
    0.03062776327953211,
    0.030531488891995553,
    0.03007194831815062,
    0.029654305762136884,
    0.029825441044339405,
    0.02962279217844864,
    0.029655231227336813,
    0.029343661064364063,
    0.02902888615305225,
    0.02892377012286265,
    0.028843091888669528,
    0.02849475547683033,
    0.028446148905270505,
    0.028137307034207963,
    0.028198606832503522,
    0.02814267911954121,
    0.027849702463256864,
    0.027530672312743445,
    0.027674633649371144,
    0.027245020930239425,
    0.027252186356264654,
    0.026838696550039,
    0.026770044498895324,
    0.02683628438649781,
    0.026390012825177337,
    0.02639768853104152,
    0.026141491947027872,
    0.026054411215719376,
    0.02608025151029604,
    0.025776111081523716,
    0.025817310531278077,
    0.025495081381438852,
    0.025487720822833432,
    0.02516722507809974,
    0.024806503707297006,
    0.024807135059070663,
    0.024555963259073173,
    0.024513190565337926,
    0.024272213085208955,
    0.02425240395215791,
    0.02410653233821006,
    0.02393171882092859,
    0.023889129307800495,
    0.02322906955385452,
    0.02330734888853142,
    0.023421004221265047,
    0.02324515235545875,
    0.02294149768755496,
    0.022608614637979172,
    0.022659562985008617,
    0.022486623356107082,
    0.02258783200486276,
    0.022249093561860844,
    0.0222331621309262,
    0.02227240899847176,
    0.021918488060176936,
    0.021927011395517573,
    0.021536481783450023,
    0.02154732143810991,
    0.021512173655085592,
    0.021552534715372062,
    0.02161317932530769,
    0.021437111369234586,
    0.021270240759535593,
    0.021323815172643593,
    0.021092537295588718,
    0.021271724874774616,
    0.021079729504461558,
    0.021306831252017298,
    0.021178097821444086,
    0.02105257100478377,
    0.02092512191197126,
    0.02094796409906597,
    0.021061391007366044,
    0.021115958810719492,
    0.02112544952077592,
    0.020750397095843306,
    0.021175157612646527,
    0.02108150811385621,
    0.021020753481923223
  ],