{
  "train_loss": [
    1.4465797020579285,
    1.0612172111400269,
    0.9681228990637282,
    0.9267208597757531,
    0.9200391812519457,
    0.8845193894966593,
    0.850013458878739,
    0.8455952998227293,
    0.8078026435097808,
    0.8080502922804851,
    0.7896958244671611,
    0.7699783872695839,
    0.7765504640978087,
    0.7757746391701248,
    0.7547334538503263,
    0.7621405665417137,
    0.7709653220086727,
    0.7488818931504615,
    0.7449534575706758,
    0.733056774866656,
    0.7503153577728091,
    0.7225265198346204,
    0.7256442333729762,
    0.7128687002373941,
    0.7113736487409603,
    0.7151117253603425,
    0.7009961576956623,
    0.6908499366082486,
    0.7112018566274043,
    0.6955121879307729,
    0.6817372818038149,
    0.6842355705657095,
    0.6724014861403771,
    0.6779239335150089,
    0.6827845311014907,
    0.6735691204198502,
    0.6685030501593584,
    0.6576530462915793,
    0.6725147025390241,
    0.6545613371538666,
    0.657579298851625,
    0.6574224867160965,
    0.6417942388252642,
    0.6488171362277096,
    0.6415441164618019,
    0.64751908876611,
    0.6345773911888495,
    0.6254086966784496,
    0.6483974359320395,
    0.6349498628632827,
    0.6208634413075897,
    0.6199114511035523,
    0.6162093262065131,
    0.6186381534397977,
    0.6150224110427892,
    0.6157103065612182,
    0.6178169674093619,
    0.6075044221848062,
    0.6144089932149311,
    0.6224237353359379,
    0.5991784214223705,
    0.5932379359344266,
    0.609773336435264,
    0.6026250484791942,
    0.5901494053362301,
    0.5878908259313811,
    0.5944725261919154,
    0.5893270235578969,
    0.6013129274800139,
    0.5949632971541686,
    0.5909739445496656,
    0.5912188376833059,
    0.5792591994476018,
    0.5929384747953534,
    0.5797186889363535,
    0.5824612385634357,
    0.585233913652552,
    0.5821210637032611,
    0.5891961951113347,
    0.5723253185831526,
    0.5713706120567502,
    0.5697301144494951,
    0.5736551974085892,
    0.5772778881983187,
    0.5713784586895937,
    0.5812413013018902,
    0.5750244359643955,
    0.5795004403441207,
    0.5691194104136161,
    0.566476582168783,
    0.5667511547136607,
    0.5656284834228972,
    0.5770457134400524,
    0.5692988962122479,
    0.5725792405552834,
    0.5609147096954802,
    0.5676503662230834,
    0.5721022499807226,
    0.5652533417227883,
    0.5636729214738749
  ],
  "train_seg_loss": [
    0.6118864274624759,
    0.42795146865852224,
    0.3951046501034461,
    0.3730626401942481,
    0.3656275484640643,
    0.3529572182996843,
    0.3359468290640873,
    0.3436602420823754,
    0.32106303205748776,
    0.3151341977312505,
    0.30509996885117496,
    0.2976630868964225,
    0.30322361430563266,
    0.30659167566951717,
    0.29568356603571455,
    0.2923514341361493,
    0.2998780848095252,
    0.2928250676149842,
    0.2869879636655813,
    0.2834163087906328,
    0.2964476063706965,
    0.27307821615780675,
    0.27680072902977093,
    0.27539642623760413,
    0.2758627249947134,
    0.27395724041282005,
    0.2707473734311713,
    0.2628514635019332,
    0.27562777951078593,
    0.27117166009807736,
    0.25506988451259693,
    0.26065268133233926,
    0.25527903172861105,
    0.26344696427666164,
    0.2605580017907814,
    0.2561331206241494,
    0.24927610334641528,
    0.2492561845472024,
    0.25801563607353084,
    0.24929160039005038,
    0.2484581542183768,
    0.2528784557028949,
    0.24107991067587203,
    0.2479510136510966,
    0.23913644179233215,
    0.24554383825018722,
    0.23891328725050082,
    0.2359790124186555,
    0.25140478918856046,
    0.24234716495815314,
    0.23628390341434838,
    0.23196703057337856,
    0.23372892693341155,
    0.23266236172438418,
    0.2303931821817122,
    0.23314978589989105,
    0.23277078484589198,
    0.229069581149884,
    0.233759533063327,
    0.23842461102601117,
    0.22320275421037614,
    0.21963665796057233,
    0.2331518926452728,
    0.22705912634542902,
    0.2224830371919293,
    0.2218644124157024,
    0.22518081117257382,
    0.22393833995802598,
    0.23275252904906962,
    0.22707143322851672,
    0.222387150972613,
    0.2235374415656493,
    0.21452952486773333,
    0.2263433345060491,
    0.21912621139730298,
    0.22227498642959684,
    0.2206237405163687,
    0.22180213321164344,
    0.22403330154388956,
    0.21663429235465498,
    0.21366028789922875,
    0.21176003978687263,
    0.21677345463877204,
    0.2180832604988941,
    0.21618521135042673,
    0.22247857920263173,
    0.21466671482150285,
    0.22355171294191722,
    0.21696530591766788,
    0.21196028747179974,
    0.21198961787722395,
    0.20905120119030746,
    0.2164265248549622,
    0.21650151847480978,
    0.21753946651921333,
    0.20841979090147797,
    0.2179398086250016,
    0.2185032938214593,
    0.21366393474756545,
    0.21108211661284826
  ],
  "train_skel_loss": [
    0.8346932748766065,
    0.6332657432781076,
    0.5730182479762431,
    0.5536582197220821,
    0.5544116299294826,
    0.5315621703300836,
    0.5140666288774718,
    0.5019350576700654,
    0.4867396085704648,
    0.492916095275549,
    0.48459585559255675,
    0.4723152990611094,
    0.4733268525802864,
    0.4691829626571457,
    0.45904988973583066,
    0.469789131819827,
    0.47108724090100834,
    0.4560568250668874,
    0.4579654964354803,
    0.44964046626345916,
    0.45386774941060526,
    0.44944830388767915,
    0.44884350253913385,
    0.437472273250046,
    0.43551092187188706,
    0.44115448761848536,
    0.4302487829290096,
    0.4279984737154823,
    0.43557407552341243,
    0.4243405298710619,
    0.42666739693977546,
    0.4235828895145242,
    0.4171224539666056,
    0.41447696802001327,
    0.42222652996673526,
    0.41743600059230374,
    0.41922694608662864,
    0.4083968604323249,
    0.4144990675666797,
    0.40526973638894426,
    0.4091211443520942,
    0.4045440305328969,
    0.4007143270950647,
    0.4008661218034396,
    0.4024076746694697,
    0.4019752501879098,
    0.3956641030948867,
    0.38942968414264656,
    0.39699264611088253,
    0.39260269701480865,
    0.38457953714349735,
    0.38794441942898733,
    0.38248040110060255,
    0.385975791176535,
    0.3846292274553071,
    0.3825605202395961,
    0.38504618392238077,
    0.37843483995716526,
    0.38064946084277435,
    0.3839991248253756,
    0.3759756658062245,
    0.37360127612292393,
    0.3766214450668989,
    0.3755659216417457,
    0.36766636821458926,
    0.36602641374997374,
    0.369291715605079,
    0.365388681959806,
    0.36856039932126516,
    0.36789186411308794,
    0.36858679391678023,
    0.36768139598879424,
    0.36472967309209536,
    0.36659514027758966,
    0.3605924792728334,
    0.3601862503766264,
    0.3646101726207343,
    0.3603189305033324,
    0.36516289492635606,
    0.3556910257013339,
    0.3577103242746689,
    0.35797007574037937,
    0.35688174248866317,
    0.3591946280977261,
    0.3551932473508817,
    0.35876272318873015,
    0.36035772019399787,
    0.3559487268516103,
    0.3521541049176792,
    0.35451629345521984,
    0.35476153789076414,
    0.35657728233802244,
    0.36061918819850347,
    0.35279737811231016,
    0.35503977260687064,
    0.35249491870028415,
    0.3497105569303411,
    0.35359895665128277,
    0.3515894076546783,
    0.3525908049547447
  ],