{
  "baseline": "B2",
  "description": "B0 + skeleton head (explicit morphology supervision)",
  "best_miou_fg": 0.663560684641924,
  "b0_miou_fg": 0.673,
  "b1a_miou_fg": 0.657,
  "delta_vs_b0": -0.009439315358076072,
  "delta_vs_b1a": 0.006560684641923942,
  "final_val_loss": 0.3733020845735282,
  "epochs": 100,
  "total_params": 27232900,
  "skeleton_config": {
    "weight": 1.0,
    "pos_weight": 200.0,
    "dice_weight": 0.2
  },
  "train_samples": 1275,
  "val_samples": 225,
  "seed": 42
}