{
  "train_loss": [
    0.866115503341147,
    0.6175800666869061,
    0.5851318830589078,
    0.5527477274713276,
    0.5352050547236167,
    0.5119862149721421,
    0.4966166984735045,
    0.4966306334958886,
    0.47475915083532816,
    0.4678232655772623,
    0.4722371900325301,
    0.4736470305038698,
    0.45499080035296624,
    0.45986758350576246,
    0.4458905338491284,
    0.43884232312253435,
    0.43823084174274646,
    0.4309361228403055,
    0.4284282769515829,
    0.4281417800570434,
    0.4285673128452691,
    0.4180508920419141,
    0.4262472152147653,
    0.42095979387467763,
    0.4143792614340782,
    0.41939913846974103,
    0.4063248669951217,
    0.39516937034497474,
    0.4077769636451823,
    0.4056562858651269,
    0.39365413227358703,
    0.4013181604304404,
    0.40270942791640385,
    0.3946054708564056,
    0.39006611765743054,
    0.38769568507588886,
    0.38604908881697264,
    0.3862109105073431,
    0.3936441750646387,
    0.38477049496188853,
    0.38745316188290435,
    0.3847982720852648,
    0.36905420435674535,
    0.3743149275955914,
    0.36569295617394476,
    0.3729627295485083,
    0.3641372326316324,
    0.3650555432826843,
    0.37626138404480314,
    0.3747914080631058,
    0.36435010570025295,
    0.36167795243878037,
    0.36256123938650453,
    0.36089539148335187,
    0.3545520233002099,
    0.35668304557882763,
    0.35777028799994187,
    0.35584230411727474,
    0.3601552699487539,
    0.3587998755323062,
    0.34224584344891634,
    0.3483102135594536,
    0.35676502307537217,
    0.3483535242999125,
    0.34760765145597217,
    0.34713838708663136,
    0.3429714190838097,
    0.3432210735367529,
    0.3504510964706259,
    0.3471811717411257,
    0.3401759958960725,
    0.3404322843412933,
    0.33312452837543666,
    0.3441232122808882,
    0.33483513800790476,
    0.34064325240423093,
    0.33947145465597417,
    0.33548395551225674,
    0.3407858793137583,
    0.3427445083013121,
    0.33188998839765227,
    0.33077684171357247,
    0.33549668197080773,
    0.3324757751850587,
    0.33480580186225334,
    0.34014087676439647,
    0.33223518438684113,
    0.33587665026480296,
    0.33234506442486866,
    0.32712827613518675,
    0.32481668486535176,
    0.3232576800217419,
    0.3323566451106431,
    0.333609559743097,
    0.33907387049505544,
    0.32931402686444466,
    0.33236484417000656,
    0.3344421771431119,
    0.32943591496573305,
    0.3293158840270912
  ],
  "train_seg_loss": [
    0.6033344953877371,
    0.4229009138806811,
    0.40417228805475264,
    0.3793253170431785,
    0.36442957663873454,
    0.35038796535827826,
    0.3375166986348494,
    0.340390709984415,
    0.3226328109326603,
    0.315363698410538,
    0.32029600340708997,
    0.3237833969951051,
    0.30989796815896936,
    0.31310099365669974,
    0.30185753484285854,
    0.29496701277277004,
    0.295273123648744,
    0.29043489174460463,
    0.28924670822496684,
    0.28768804011011273,
    0.2895822947223981,
    0.27963590703951485,
    0.2884228381814447,
    0.2840623362868462,
    0.2786688036138906,
    0.2826510506371657,
    0.2717979799417205,
    0.2613186014101565,
    0.2737914126998973,
    0.271624514446506,
    0.26016348942458256,
    0.26956590487615867,
    0.2706716732127861,
    0.26288487556033163,
    0.2599392241370753,
    0.2586372840048382,
    0.2563323894480489,
    0.2552745800535634,
    0.2654857507807279,
    0.25747728019765337,
    0.25864428270069306,
    0.25880634238791167,
    0.24347276456138622,
    0.24919670061120447,
    0.24072427199509158,
    0.24887694631638768,
    0.2411733127240115,
    0.24113266592927324,
    0.2536416025187984,
    0.24985791592852874,
    0.24225396475514527,
    0.23925275278260122,
    0.24021310422499226,
    0.23841999960864116,
    0.23373616086143367,
    0.23661457763621643,
    0.2368647739666063,
    0.23643782896534452,
    0.2402222067726858,
    0.23899124712689118,
    0.22448747382505135,
    0.23005446426148685,
    0.238962867888827,
    0.2298730489733459,
    0.22811046747619626,
    0.22989494465994384,
    0.2276611229135368,
    0.2271514132665763,
    0.2326976167471529,
    0.23156829214649005,
    0.2240340162373189,
    0.2257388237535766,
    0.2176147342173371,
    0.22745931904130387,
    0.22099231608774303,
    0.2259609582101774,
    0.224878201718038,
    0.22309720279566897,
    0.2261547938036094,
    0.22690846958437805,
    0.21851266266883546,
    0.21708495586923082,
    0.2227151466990417,
    0.2192307369162639,
    0.22179160393633932,
    0.2276895334768408,
    0.21869592650928213,
    0.22363191204578997,
    0.22009718874996564,
    0.21505693229114484,
    0.2131374494037913,
    0.21113037219587363,
    0.21862088733077426,
    0.22081948212295208,
    0.2258112743590613,
    0.21520396152148083,
    0.2210305592970653,
    0.22073108091388108,
    0.21724858816783382,
    0.21694774124419913
  ],
  "train_skel_loss": [
    0.8759366498803193,
    0.6489304855184735,
    0.6031986278183056,
    0.5780746789660843,
    0.5692515716237841,
    0.5386608017128218,
    0.5303333151452946,
    0.5207997227802217,
    0.5070877830562351,
    0.5081985359484295,
    0.5064706002953667,
    0.49954542217764464,
    0.48364275084726466,
    0.4892219473730843,
    0.4801099768505906,
    0.4795843512757019,
    0.4765257109073723,
    0.4683374154305308,
    0.4639385481769184,
    0.46817911308516497,
    0.46328337490558624,
    0.4613832649569841,
    0.45941457044590944,
    0.45632483852359484,
    0.4523681747088642,
    0.4558269366528253,
    0.4484229382104094,
    0.4461692142880188,
    0.44661848856218206,
    0.44677255326097115,
    0.44496879459552047,
    0.4391741669684086,
    0.44012583267388855,
    0.43906863150919007,
    0.43375629411553435,
    0.4301946523523181,
    0.432388980152472,
    0.4364544193043649,
    0.4271947311811477,
    0.42431069723090287,
    0.4293629113327032,
    0.4199730828873017,
    0.4186047834795226,
    0.41706073977662333,
    0.4165622647265968,
    0.41361926402310906,
    0.40987971448485955,
    0.41307624335746346,
    0.4087325842969073,
    0.41644495664715014,
    0.406987116724815,
    0.4080839826719566,
    0.407827099211186,
    0.40825129028573726,
    0.40271952560862656,
    0.4002282122302355,
    0.40301836586598333,
    0.3980149010536056,
    0.3997768633676775,
    0.3993620807363552,
    0.39252788372009806,
    0.3941858193878108,
    0.39267383525206606,
    0.39493490057358954,
    0.39832392826957524,
    0.3908114605729685,
    0.3843676364459332,
    0.38689885012008857,
    0.39251158283379095,
    0.3853762522808411,
    0.38713991768517586,
    0.3823115233355348,
    0.38503263117569797,
    0.3888796257710307,
    0.37947605639321247,
    0.38227429597070384,
    0.38197749506377576,
    0.3746224927171221,
    0.38210360480929323,
    0.3861201138897512,
    0.3779244079904736,
    0.3789729374759602,
    0.37593844129979237,
    0.3774834452372677,
    0.3767139787006678,
    0.374837800438674,
    0.37846417856291403,
    0.3741491159553048,
    0.3741595725874481,
    0.3735711286371609,
    0.37226410631863577,
    0.37375767707074964,
    0.3791191738637738,
    0.3759669074378673,
    0.3775419719845244,
    0.3803668715668924,
    0.37111426472851317,
    0.3790369689370851,
    0.3739577424507471,
    0.37456045908935415
  ],