{
  "train_loss": [
    0.8624155672278794,
    0.4740811845041671,
    0.4390391973579455,
    0.4246115396326443,
    0.4237738749797239,
    0.39578733649456277,
    0.3936336819293364,
    0.3774354847253494,
    0.3622644155186677,
    0.3525582093206592,
    0.35261923747148904,
    0.347590649512204,
    0.35486242995134687,
    0.3406763317871769,
    0.3303801258733063,
    0.3389066281324288,
    0.3321492929222449,
    0.3270717661523219,
    0.3216631995666327,
    0.3230307157262691,
    0.3240987185224797,
    0.3172416890145473,
    0.310086966451234,
    0.30502120201598926,
    0.31302933975960473,
    0.3063692611484033,
    0.3148358849890577,
    0.3020942767367423,
    0.3054247350203541,
    0.3032948484163989,
    0.3038875534896206,
    0.30364980396328484,
    0.2944812932104435,
    0.29724769444210725,
    0.2866405260122422,
    0.2985254925611259,
    0.28797896159519937,
    0.2846150468308596,
    0.29116423988023643,
    0.28597778740262836,
    0.27832333502248396,
    0.28483706033267314,
    0.2759655497780761,
    0.2816809683850726,
    0.2731392134988458,
    0.27916580824029147,
    0.2680012363026727,
    0.27067061598008535,
    0.2823633687722983,
    0.2765220987300078,
    0.2697481207034123,
    0.2662530783446705,
    0.26951580365780015,
    0.2692233865975209,
    0.26506367325782776,
    0.2706473920049158,
    0.2656738433354306,
    0.2601559418458609,
    0.26468058068703554,
    0.2649912288963045,
    0.25203377247418995,
    0.2538868678065966,
    0.2624769313788077,
    0.2568043827916841,
    0.2547775257449105,
    0.25420241146904865,
    0.2532249953504066,
    0.2506084240176393,
    0.261102071781672,
    0.25759294870420824,
    0.25025667644943456,
    0.25251444054287187,
    0.2450230466729065,
    0.2518883738432478,
    0.24611622835480193,
    0.25261966776360506,
    0.2508516399271833,
    0.25222261938846335,
    0.25243362348597004,
    0.2545235275566203,
    0.2445915435329548,
    0.24479102732250527,
    0.24400244579422023,
    0.24765661294402191,
    0.24398757290071663,
    0.25331413674420156,
    0.24374084308181168,
    0.25289440953975206,
    0.24663330525534707,
    0.24335131119444686,
    0.24141508823483246,
    0.24041925761965835,
    0.24390248122548908,
    0.24619444159779158,
    0.24853058149979548,
    0.2400770497115903,
    0.2453026138831797,
    0.24536455408582147,
    0.24096849968410888,
    0.24302091702537718
  ],
  "train_seg_loss": [
    0.6129698756168473,
    0.42271769337309234,
    0.395999937968434,
    0.3843400403857231,
    0.3847033230576125,
    0.35788810754534583,
    0.35683179449922636,
    0.34153730787758557,
    0.32723573126695443,
    0.3177445611957484,
    0.3180418740606533,
    0.3135079408544789,
    0.3208980957901328,
    0.30711494053497257,
    0.29731324364273054,
    0.30637273623508476,
    0.29954066842138394,
    0.2945665017754402,
    0.28919320164611506,
    0.2910616125606891,
    0.292294766519617,
    0.28556544739026696,
    0.2785766491396997,
    0.2735318186569889,
    0.28195348210960813,
    0.27556609734892845,
    0.284044299274683,
    0.27105614767884306,
    0.2752723936342968,
    0.27279260363312635,
    0.2738747723962901,
    0.2738239766573006,
    0.26474502078204787,
    0.267930915754921,
    0.25713325113807833,
    0.26903549661426424,
    0.25853146591557646,
    0.255628265440464,
    0.2624532878398895,
    0.25700906626645875,
    0.24983930793948145,
    0.25634416196284426,
    0.24776078711421984,
    0.253556304991995,
    0.24495144326638127,
    0.25095807488000244,
    0.24041792342685303,
    0.2426787165210307,
    0.2550342046427277,
    0.24903791924973703,
    0.24236580566649543,
    0.2391624299563327,
    0.24233103819988058,
    0.24205073533849147,
    0.23802208251454546,
    0.24359478131405213,
    0.23900168719437886,
    0.2338300273993855,
    0.23839227188636297,
    0.23880452088683657,
    0.2257900289230564,
    0.22766438267141018,
    0.23661534968505865,
    0.23094448355852432,
    0.2289470654426131,
    0.22847679929819498,
    0.22783415368611706,
    0.22522472414486813,
    0.2356656904349912,
    0.23231740848823162,
    0.22518330854627322,
    0.22710904045581068,
    0.21975613752110573,
    0.22709298152593696,
    0.22118185296560983,
    0.22780588787025627,
    0.22615978897273917,
    0.22752808218341578,
    0.2274412295470635,
    0.2295784980480401,
    0.21985730937676234,
    0.2202395039768714,
    0.21964768884972957,
    0.22310856617284272,
    0.21945623620032514,
    0.22886339169721934,
    0.2191166842602334,
    0.22826873698511962,
    0.2221480281613533,
    0.21878752086616163,
    0.21705553578740022,
    0.21570820813565134,
    0.21954830513341622,
    0.22172683453972233,
    0.2240241396727052,
    0.21568888451599474,
    0.22127580242055767,
    0.2209860089486875,
    0.21671066735431832,
    0.21867462607252897
  ],
  "train_skel_loss": [
    0.02494456958605574,
    0.005136349086163554,
    0.004303925881182787,
    0.004027149884569101,
    0.003907055215494204,
    0.0037899229400234777,
    0.003680188740009102,
    0.0035898177683171845,
    0.003502868446111445,
    0.003481364814467939,
    0.0034577362643885747,
    0.0034082708587436557,
    0.0033964333589387905,
    0.0033561392062535487,
    0.003306688287269043,
    0.003253389128488225,
    0.0032608625306982148,
    0.003250526412025551,
    0.003246999738163918,
    0.0031969102825120136,
    0.003180395258640367,
    0.0031676241709212277,
    0.00315103172866405,
    0.0031489383137518387,
    0.0031075857948722704,
    0.0030803163577992846,
    0.0030791585539751715,
    0.0031038128110834943,
    0.0030152341138583215,
    0.003050224449735943,
    0.0030012781250930492,
    0.002982582672537193,
    0.0029736272706986995,
    0.0029316779040093038,
    0.002950727459117946,
    0.002948999611928813,
    0.0029447495665711663,
    0.0028986781601261042,
    0.0028710951757728587,
    0.002896872120828854,
    0.0028484027322788824,
    0.0028492898245359648,
    0.0028204762357808416,
    0.002812466384080069,
    0.0028187770655659855,
    0.002820773354955545,
    0.0027583312461410396,
    0.002799189877136224,
    0.002732916382297364,
    0.002748417975739781,
    0.002738231501092478,
    0.002709064895503879,
    0.0027184765668785047,
    0.002717265195257921,
    0.0027041590747675336,
    0.0027052611112594604,
    0.002667215632629118,
    0.0026325914829767325,
    0.0026288308904640987,
    0.00261867077217244,
    0.0026243744397341164,
    0.0026222484670623365,
    0.0025861582116761287,
    0.0025859898772257607,
    0.00258304600976554,
    0.0025725612347673203,
    0.002539084138734553,
    0.002538369985556511,
    0.0025436381361690357,
    0.0025275539958801224,
    0.002507336769787867,
    0.002540539967155365,
    0.0025266909008295094,
    0.0024795391735600294,
    0.0024934375090099894,
    0.002481378109154801,
    0.0024691851124674104,
    0.0024694537143728186,
    0.002499239389872861,
    0.0024945029838606657,
    0.0024734233794225023,
    0.002455152362715394,
    0.0024354756973960596,
    0.0024548046847874204,
    0.0024531336575190086,
    0.002445074518938965,
    0.0024624158896991996,
    0.002462567283340683,
    0.002448527739766206,
    0.0024563790492657805,
    0.0024359552383733294,
    0.002471104987828155,
    0.0024354176024896086,
    0.002446760666196428,
    0.002450644193105868,
    0.002438816511176187,
    0.002402681085638374,
    0.0024378545487661256,
    0.002425783266585742,
    0.002434629104217315
  ],