{
  "train_loss": [
    0.820275126388238,
    0.6179610407389935,
    0.5873048903432282,
    0.5591779906044966,
    0.5470340704580523,
    0.535763125749504,
    0.5101276470711397,
    0.49273247538872483,
    0.48918845846593006,
    0.4792674679145123,
    0.4700342041891326,
    0.4792450934461078,
    0.47032110046290754,
    0.4624141036714398,
    0.45875551429747036,
    0.44889304505766564,
    0.4514657495156774,
    0.4406684528825418,
    0.43428258719684193,
    0.43730587891812595,
    0.43505468018024973,
    0.42064012643301263,
    0.4214452726754752,
    0.41313942268771947,
    0.42094558158760553,
    0.4163105028605311,
    0.41315997893330436,
    0.40724014073797743,
    0.41839481548130886,
    0.4174830581313409,
    0.39782832263025847,
    0.40475541198591014,
    0.3982678336917229,
    0.39979460760482455,
    0.395198921737431,
    0.4018991134076748,
    0.39249512960888305,
    0.3892166242003441,
    0.3957873416490525,
    0.390293447991962,
    0.38530018086890755,
    0.3899820839177887,
    0.3779933745943525,
    0.381999301835426,
    0.3691918546767355,
    0.37910571169553314,
    0.3661551848053932,
    0.3708800864200922,
    0.37934055568287206,
    0.37429841649982165,
    0.3710823742754804,
    0.3634329833699472,
    0.36171107837614025,
    0.3612716610326707,
    0.35879777831101567,
    0.3607070556601638,
    0.35796372864231374,
    0.35816193397783636,
    0.36216981409105864,
    0.3571183722723955,
    0.3455711593324283,
    0.34613728169468966,
    0.35352736927053463,
    0.34818403333800396,
    0.34747196143528203,
    0.34515517589243705,
    0.3426808050640349,
    0.3430448221804211,
    0.34766717353519405,
    0.34576484931152573,
    0.3399078668850773,
    0.33905220174658224,
    0.32981546921362664,
    0.33804692281117227,
    0.3323032154274062,
    0.33842666109777847,
    0.3354583260304523,
    0.3354689809698729,
    0.3359144856251261,
    0.3358594362840712,
    0.32906340285198493,
    0.3270348795461205,
    0.3293568566441536,
    0.33041485075680715,
    0.3289812828337996,
    0.3330082674540064,
    0.32563774561825787,
    0.33116637439754026,
    0.3321622976998113,
    0.32297606438210924,
    0.322539885253089,
    0.32039244168397013,
    0.3232185103046069,
    0.3287331364674013,
    0.33166721252337944,
    0.31735958266745573,
    0.32639669008412453,
    0.32897901075816005,
    0.32360080948228354,
    0.3219514182247456
  ],
  "train_seg_loss": [
    0.5949935153032999,
    0.4180071066198109,
    0.3960307831846693,
    0.37527996292279203,
    0.3663325294758539,
    0.35837908037616023,
    0.3381336995125192,
    0.3217404973956774,
    0.3201331729596516,
    0.3124291347632618,
    0.30396440873543423,
    0.3136304461356229,
    0.30659672243040315,
    0.3000921873879508,
    0.2982524573662371,
    0.2894350290064167,
    0.29159882608449683,
    0.2817073884484528,
    0.27696866762338196,
    0.27894320303820214,
    0.27876134640859357,
    0.26600795510992314,
    0.2675752908741153,
    0.26010572807219046,
    0.2687781101573001,
    0.26473118376525695,
    0.2614146714924641,
    0.2578297982800682,
    0.2696842843162938,
    0.2680408273524833,
    0.2485158397763405,
    0.25803185212162305,
    0.251910001086364,
    0.25494539400316635,
    0.2500331438374969,
    0.2571922575808921,
    0.24839628462052946,
    0.2464233028157702,
    0.2528209303441288,
    0.24902902878586602,
    0.24531929696318489,
    0.24947880748542225,
    0.2385791877764951,
    0.24200634379525604,
    0.23085304547640137,
    0.24127507852917573,
    0.22998997861952902,
    0.23404311317271032,
    0.24352831627775287,
    0.23942787809379446,
    0.2358712954505247,
    0.22969071196872484,
    0.22840906951412465,
    0.2286810835108817,
    0.2269815409661464,
    0.2290747321954688,
    0.2276664121111609,
    0.2273599034022985,
    0.2322098483103064,
    0.22808922974849646,
    0.21705657679517315,
    0.2182093064927455,
    0.2256466601770254,
    0.2221724123184411,
    0.22108515141145238,
    0.21938337987792567,
    0.21793784838427538,
    0.21895947140998812,
    0.22298646759265248,
    0.22207741267135683,
    0.21698566639807615,
    0.2167901658341757,
    0.2071380597193661,
    0.21518427567005907,
    0.21066416488409792,
    0.218193640873867,
    0.21407578645402905,
    0.21594309584243493,
    0.21674440528189987,
    0.2168239775061045,
    0.20987896857865201,
    0.20777377944275643,
    0.21074291827075137,
    0.21235654368387452,
    0.2107155926103862,
    0.21598116664579078,
    0.20826480934782973,
    0.21397146452569737,
    0.21414168235265985,
    0.2054961073159609,
    0.20568498430199594,
    0.20410783860668447,
    0.2067102124481081,
    0.21117928123933338,
    0.21537136328670214,
    0.2017409520212022,
    0.21137996290886552,
    0.21221260226232075,
    0.20670792789626047,
    0.2059409272909727
  ],
  "train_skel_loss": [
    0.04505632189834643,
    0.03999078659188447,
    0.03825482136259476,
    0.0367796053735059,
    0.03614030788951325,
    0.0354768089516639,
    0.03439878965230108,
    0.03419839557986589,
    0.033811057033310145,
    0.033367666749740545,
    0.033213959169228494,
    0.03312292956284382,
    0.0327448755818999,
    0.03246438338673152,
    0.032100611465906946,
    0.031891602929095805,
    0.03197338463117679,
    0.03179221289267518,
    0.031462783667510784,
    0.03167253513029724,
    0.031258666882021995,
    0.030926434311476892,
    0.03077399631692741,
    0.030606739070711646,
    0.030433494313590746,
    0.030315863823740737,
    0.030349061332361878,
    0.029882068347490433,
    0.029742105893275275,
    0.029888445997622404,
    0.029862496556725893,
    0.029344712085319014,
    0.029271566566759312,
    0.028969842553982196,
    0.02903315552024159,
    0.028941371498641167,
    0.02881976902344317,
    0.028558664504180913,
    0.028593282197725098,
    0.028252883670769585,
    0.02799617678348748,
    0.028100655297016573,
    0.027882837450260635,
    0.027998591550631717,
    0.027667761841824033,
    0.027566126480394002,
    0.027233041301603964,
    0.027367394947616745,
    0.027162447750404384,
    0.026974107815339318,
    0.027042215704660182,
    0.026748454537968966,
    0.026660401555680256,
    0.026518115366709494,
    0.026363247413914534,
    0.02632646498697921,
    0.026059463233599124,
    0.02616040605419087,
    0.02599199330902793,
    0.025805828697487432,
    0.025702916469378105,
    0.025585595064404065,
    0.025576141744898924,
    0.02520232412190932,
    0.025277361976650526,
    0.02515435953618689,
    0.024948591404483193,
    0.024817070203288546,
    0.024936141337871365,
    0.024737487301089853,
    0.024584439969709458,
    0.02445240712976493,
    0.024535482034743206,
    0.024572529261873203,
    0.02432780995168401,
    0.024046604140843236,
    0.024276507763578644,
    0.023905177123305744,
    0.023834016054001806,
    0.023807091694090912,
    0.023836886996415053,
    0.02385221990469679,
    0.02372278776839844,
    0.023611661421615374,
    0.023653138223918353,
    0.023405420016965963,
    0.0234745873911482,
    0.023438982053443132,
    0.02360412295111133,
    0.0234959914653603,
    0.023370980203104845,
    0.02325692065880171,
    0.023301659447709157,
    0.023510771118245035,
    0.02325916970324404,
    0.023123726228240337,
    0.023003345367106253,
    0.02335328162419346,
    0.023378576020235724,
    0.02320209817972573
  ],