{
  "train_loss": [
    0.7124275866919344,
    0.5314919429848779,
    0.5051945823262323,
    0.4810139829726339,
    0.47607883347092933,
    0.4456535484524643,
    0.4296546280852654,
    0.4198063936717105,
    0.40862063819882255,
    0.39976547564725456,
    0.3992653891163052,
    0.3959731194395689,
    0.39401929089858095,
    0.3896839254119861,
    0.38197283868519766,
    0.38240783745950124,
    0.38208814738494046,
    0.37214565567625396,
    0.36762013900205026,
    0.36440202462598215,
    0.3704630916692176,
    0.3509261816177728,
    0.35680492730729235,
    0.3513863555290414,
    0.35391295073354767,
    0.35838756180784237,
    0.3507071665529185,
    0.3428697730385282,
    0.3493154209880334,
    0.34941523189439716,
    0.3331336477455103,
    0.34964420772948357,
    0.3352973205300997,
    0.3442148154355445,
    0.32980295069187693,
    0.33935579210051203,
    0.32734714813952176,
    0.32791003170159627,
    0.33599774248944886,
    0.32886269484769626,
    0.32351082621974014,
    0.32937891687612114,
    0.3184903903671031,
    0.3226358970662333,
    0.3100275965700359,
    0.3197586237681362,
    0.30984929166499925,
    0.31304735416230167,
    0.32115865892396783,
    0.31702671963838663,
    0.313930555522067,
    0.30614903416929756,
    0.305844875860889,
    0.30636285505485983,
    0.3010195789846984,
    0.3087345985871441,
    0.3047797326818577,
    0.29896183342397586,
    0.306706632505048,
    0.3030737797794102,
    0.2930501078565915,
    0.2956526269609073,
    0.30283517392832526,
    0.29749269122784994,
    0.2915789703106355,
    0.2898811736618573,
    0.29207534389863227,
    0.29233718330755176,
    0.2986028784850858,
    0.29679750032582375,
    0.29101168547036516,
    0.2886837975783918,
    0.28270106825907276,
    0.28924642779729653,
    0.28576396319007724,
    0.2884228413678565,
    0.2874535969312086,
    0.29015207372652657,
    0.2860420647563425,
    0.28757015746906867,
    0.27875794819409744,
    0.27932678331744,
    0.28353538713271514,
    0.28466309771035453,
    0.28262954444255467,
    0.2886555402908685,
    0.28066676707481436,
    0.2855016506927193,
    0.27984749181371815,
    0.2783155671596152,
    0.27701403303716166,
    0.2754059631916337,
    0.2800574542825702,
    0.28262677997256974,
    0.28435320318120083,
    0.27472288259920086,
    0.281840998515393,
    0.2844848104477304,
    0.27972911958986857,
    0.2797853675606491
  ],
  "train_seg_loss": [
    0.5978115021057848,
    0.4283366220177345,
    0.407185952665296,
    0.3878421445828189,
    0.38345621896427384,
    0.3554662412629937,
    0.34122362962496355,
    0.33271394834016105,
    0.32230953846431376,
    0.3137416250113421,
    0.31450546680475183,
    0.3118300847474884,
    0.3101529871002308,
    0.3064065095763536,
    0.2992413578636991,
    0.30041937520668943,
    0.3008659970038717,
    0.2902834546406689,
    0.2866484838180572,
    0.28328482792624887,
    0.2898532788521089,
    0.27123478668853174,
    0.2774144541823639,
    0.2722215240340938,
    0.2750350718368899,
    0.2797312233245598,
    0.2718947789625927,
    0.265089952627068,
    0.2718751741420923,
    0.27221745582965184,
    0.2560997743323539,
    0.27306228419238665,
    0.2591948865344689,
    0.26813757136089245,
    0.25372849519616403,
    0.2638689358513685,
    0.2519627719555261,
    0.2535592128739417,
    0.2614812730055935,
    0.25442625329179586,
    0.24945725350634856,
    0.25589392396310967,
    0.24489874481779975,
    0.24949513938067094,
    0.23732675060208114,
    0.24690553724016034,
    0.23727100942307297,
    0.24123360299792304,
    0.24936320941965534,
    0.24547309496398992,
    0.24229527023509614,
    0.2352444425272117,
    0.23517353611312947,
    0.23595588330952627,
    0.2306714693330369,
    0.23902569900987283,
    0.23503395301178567,
    0.22974898898095455,
    0.23747189033706234,
    0.23414703735015677,
    0.22470807778479168,
    0.22665960229230378,
    0.2343309736757908,
    0.22959787657472697,
    0.2236143559123735,
    0.22247791217651758,
    0.22457583542655474,
    0.22530893529267432,
    0.23125022300665485,
    0.23040363898957675,
    0.2244244101428011,
    0.22204975338664446,
    0.21666315058539123,
    0.22271263217494922,
    0.21991983698036685,
    0.22301518291516123,
    0.2216062708728531,
    0.2245962467841195,
    0.22123902524183006,
    0.22196892103028,
    0.21366652941225833,
    0.21390845322009153,
    0.21860636155700908,
    0.21992037337531084,
    0.21764185593563057,
    0.22422360099336636,
    0.2159935278033123,
    0.22109049761304692,
    0.2153227374473083,
    0.21326195364290812,
    0.21250997315037926,
    0.21096757670524735,
    0.2157511730449942,
    0.21822415960003744,
    0.22024506023563678,
    0.21062242167082224,
    0.2175700468766802,
    0.22002786479937206,
    0.21529289682940492,
    0.2152571029867391
  ],
  "train_skel_loss": [
    0.02292321686802795,
    0.020631064444124325,
    0.0196017260610495,
    0.018634367678548744,
    0.0185245230044209,
    0.01803746128618811,
    0.017686199795150157,
    0.017418489117854798,
    0.017262220010747138,
    0.017204770074466115,
    0.016951984400808248,
    0.01682860715865339,
    0.016773260828201315,
    0.01665548330653201,
    0.016546296081710724,
    0.01639769259699673,
    0.016244429889949237,
    0.016372439893747464,
    0.01619433086517753,
    0.01622343916188246,
    0.016121962465017847,
    0.015938278923174308,
    0.01587809479367808,
    0.015832966187699412,
    0.015775575700842735,
    0.015731267774559604,
    0.015762477448362414,
    0.015555964062376967,
    0.015488049202838784,
    0.015439555160232685,
    0.015406774635186547,
    0.015316384569185335,
    0.015220486752267153,
    0.01521544876572846,
    0.015214891055798006,
    0.015097371271793853,
    0.015076875329345651,
    0.014870163571651815,
    0.014903293875684528,
    0.014887288256706495,
    0.014810714369885764,
    0.014696998492398727,
    0.01471832906241593,
    0.014628151447787506,
    0.014540169336803773,
    0.014570617468430186,
    0.01451565633065202,
    0.014362750252790796,
    0.014359089923706258,
    0.014310724970316456,
    0.014327057225793693,
    0.014180918259300151,
    0.014134267958630837,
    0.014081394274970927,
    0.014069621987148838,
    0.01394177993917662,
    0.013949155888034019,
    0.01384256905202502,
    0.01384694841338919,
    0.01378534835142394,
    0.013668406164601632,
    0.013798605009280849,
    0.013700840047285336,
    0.013578962953468351,
    0.01359292272618919,
    0.013480652330162109,
    0.01349990181742037,
    0.013405649665063657,
    0.013470530877498992,
    0.013278772345738215,
    0.013317455196425132,
    0.01332680879412629,
    0.013207583408509879,
    0.013306759180700255,
    0.013168825239306257,
    0.01308153167296693,
    0.013169465276102224,
    0.013111165313214157,
    0.012960607972312367,
    0.013120247222448015,
    0.013018283818748855,
    0.013083665978760933,
    0.01298580512861317,
    0.012948544786762705,
    0.0129975378205824,
    0.012886387751431866,
    0.012934647878315652,
    0.012882230531002552,
    0.012904950954992347,
    0.01301072273292116,
    0.012900811967106079,
    0.012887677322756851,
    0.012861256281195103,
    0.0128805241650029,
    0.012821628593505835,
    0.0128200923666686,
    0.012854190369037056,
    0.012891389146950916,
    0.012887244519877172,
    0.012905652813449409
  ],