{
  "train_loss": [
    0.6085593930955203,
    0.4307012691531541,
    0.39403300095091826,
    0.3850283902489914,
    0.38166108441615254,
    0.365497184858757,
    0.34310795825982243,
    0.3459126467131219,
    0.3330588367468906,
    0.3158846004813347,
    0.32385402967063887,
    0.30712026046038426,
    0.3113182542974469,
    0.3168877127269904,
    0.3071772386114927,
    0.30395288969267087,
    0.3020763432829635,
    0.29414966121409675,
    0.2836914966410061,
    0.2878167844793332,
    0.30633087742066234,
    0.27707119431323224,
    0.28042769912372595,
    0.2779988206501277,
    0.28235030778736436,
    0.2789199562661303,
    0.28331027967187594,
    0.26658438052396355,
    0.27722385244549447,
    0.2686443620554681,
    0.2643232507713186,
    0.2667461488887949,
    0.26485182438631477,
    0.2666750138379493,
    0.2607992944196335,
    0.2675293832548759,
    0.2519853156786295,
    0.25307671866326964,
    0.26624290012526064,
    0.2565406568629562,
    0.2550670170933945,
    0.2567514070081261,
    0.24704091189979757,
    0.257503506827092,
    0.24262066023810855,
    0.2529022136480553,
    0.24229470007824447,
    0.2405504408474051,
    0.2547251814566318,
    0.24702310400470248,
    0.2427190975666796,
    0.2401981607969827,
    0.24288852013788134,
    0.23871878953943462,
    0.2377257709326984,
    0.24154912300829617,
    0.23421589838071438,
    0.23474563944077342,
    0.2438620804404875,
    0.24005522232198115,
    0.2308688738717223,
    0.22696532402773323,
    0.23739864023507767,
    0.2323684168967811,
    0.22957416605087197,
    0.22788840042626332,
    0.23056026708639268,
    0.22754887520751488,
    0.23332200334085235,
    0.23097141955118133,
    0.230234576974931,
    0.22643156616755253,
    0.219116927142132,
    0.2268298735502381,
    0.22316849723739443,
    0.2291621059038729,
    0.22647838264047723,
    0.22732373824893679,
    0.22843653857473684,
    0.2210577706917652,
    0.21736952865133122,
    0.2204756933680308,
    0.22345393391197207,
    0.2217152311039046,
    0.2224708930267103,
    0.2268552671907083,
    0.21589458713881998,
    0.2255532498817024,
    0.22018556950508422,
    0.21466493887721366,
    0.21372560152795705,
    0.2137610156721664,
    0.22103135018322453,
    0.22204168880088898,
    0.22574666824262096,
    0.21237035765775344,
    0.2229776328792737,
    0.2241327522451398,
    0.22048678401412455,
    0.21885006091082995
  ],
  "train_seg_loss": [
    0.6013206890169179,
    0.4242798716954465,
    0.38774663889370625,
    0.37892614712692657,
    0.3756230757952486,
    0.3595215674232012,
    0.33730877626617,
    0.34022959710666967,
    0.32743526735114603,
    0.31036076251909417,
    0.3182943640218216,
    0.301733746609223,
    0.30598911769547554,
    0.31160071358646985,
    0.3019421529844872,
    0.2986786175964388,
    0.2968480904241028,
    0.288970540482668,
    0.278551014854848,
    0.2827104062732286,
    0.3012497011548693,
    0.2720273810690679,
    0.27537721001876975,
    0.27295243212918063,
    0.27734198723480386,
    0.27394616716312914,
    0.2782838446492294,
    0.2616116723174569,
    0.2722956326632005,
    0.26370710197765873,
    0.2593966297243001,
    0.2618593660025102,
    0.2599673705796401,
    0.26179662229692413,
    0.2559300906862478,
    0.2626860056470775,
    0.24716219179472834,
    0.24828095305359588,
    0.26141263443812635,
    0.2517417708423528,
    0.2502853329756162,
    0.251966540133522,
    0.24230000327499407,
    0.25275304545677685,
    0.23788725405509742,
    0.24815356152706175,
    0.23757716322188857,
    0.2358373381876908,
    0.25003092046007047,
    0.24232486112968726,
    0.23803262440663464,
    0.23551574684445215,
    0.23820560416148143,
    0.23408199488273207,
    0.2330762508483428,
    0.23692083785181525,
    0.2296176109720701,
    0.2301573318974027,
    0.23924342986875735,
    0.2354591715987186,
    0.2262812839504683,
    0.222384946455933,
    0.23284655728570694,
    0.2278323977154756,
    0.22501853092005417,
    0.22335136023426205,
    0.22603113857923812,
    0.22303713108383635,
    0.228811447725356,
    0.22648737989600348,
    0.2257198904693689,
    0.22194492969216792,
    0.21462410430675782,
    0.22231745646106746,
    0.21870293717761086,
    0.22470317811429877,
    0.22197740079846773,
    0.22285078845496448,
    0.22397732660877254,
    0.21659586841017944,
    0.21291114371152794,
    0.21601911214818745,
    0.21899659705565036,
    0.2172759340244269,
    0.21803133660611115,
    0.22238489286095467,
    0.2114576131058564,
    0.22115309074895936,
    0.21573433305763598,
    0.21021368326443546,
    0.2092985283091383,
    0.2093425349174243,
    0.2166410053980613,
    0.2176190188166293,
    0.22133247301263628,
    0.20796103827046147,
    0.21856993399326158,
    0.21969577372542717,
    0.21605122948077116,
    0.21444394984194692
  ],
  "train_skel_loss": [
    0.024129014643811206,
    0.02140465868437815,
    0.020954539847074065,
    0.020340809528276604,
    0.020126696090278385,
    0.01991872635886729,
    0.019330608544273757,
    0.018943498731128074,
    0.018745231784809874,
    0.01841279172555268,
    0.018532214832708897,
    0.017955044114599063,
    0.017763786714922333,
    0.01762332874730979,
    0.017450284086894127,
    0.0175809063919404,
    0.0174275107927761,
    0.017263735735308636,
    0.01713493954882307,
    0.017021258991305372,
    0.016937256275248603,
    0.01681271007975692,
    0.016834963818883185,
    0.016821295468124952,
    0.016694400576675462,
    0.016579297725579836,
    0.01675478244235493,
    0.016575694186671538,
    0.016427395335228752,
    0.016457534415659104,
    0.016422069145354833,
    0.016289274919918686,
    0.016281511160140892,
    0.01626130491905149,
    0.016230678179963206,
    0.016144588422733096,
    0.016077080126500356,
    0.015985885289433243,
    0.016100883568818652,
    0.01599628567027877,
    0.015938946010790905,
    0.01594955264737115,
    0.015803026952107186,
    0.015834871222669224,
    0.01577801889382631,
    0.01582883894677807,
    0.015725122870139358,
    0.015710341913988755,
    0.015647534778892244,
    0.015660809080626042,
    0.015621576475787838,
    0.015608046151135327,
    0.015609718949985018,
    0.015455980290242899,
    0.015498399684709386,
    0.01542761551110812,
    0.015327624036526342,
    0.01529435930574465,
    0.015395501608017293,
    0.015320166927885334,
    0.015291967042633947,
    0.015267925000157934,
    0.015173609643799704,
    0.015120061047070619,
    0.015185449067386066,
    0.015123465007651339,
    0.01509709376256046,
    0.01503914596407481,
    0.015035184668435616,
    0.014946795097968113,
    0.015048954391313143,
    0.014955455668668889,
    0.01497607479317102,
    0.015041389763238107,
    0.01488519996205497,
    0.014863091746474025,
    0.01500327277008983,
    0.014909831452646159,
    0.014864040005647536,
    0.014873007804436504,
    0.014861282858845292,
    0.014855270139263861,
    0.01485778974755755,
    0.014797656717798058,
    0.014798519082964872,
    0.014901246857952397,
    0.014789914050426498,
    0.01466719667960263,
    0.014837453499108366,
    0.014837518884981953,
    0.014756908496759785,
    0.01472826765955619,
    0.014634482966700816,
    0.014742230636260982,
    0.01471398388029738,
    0.014697732251582656,
    0.014692328997694378,
    0.014789926763858248,
    0.01478518260373447,
    0.014687036957779209
  ],