{
  "num_samples": 16,
  "epochs": 200,
  "final_losses": {
    "seg": 0.289460152387619,
    "skeleton": 0.343458354473114,
    "endpoints": 0.470364511013031,
    "junctions": 0.3102226257324219,
    "width": 0.7629497051239014,
    "total": 1.4046869277954102
  },
  "convergence": {
    "seg": {
      "first": 1.0365835428237915,
      "last": 0.289460152387619,
      "reduction_pct": 72.07555971812064
    },
    "skeleton": {
      "first": 1.1762092113494873,
      "last": 0.343458354473114,
      "reduction_pct": 70.79955239603525
    },
    "endpoints": {
      "first": 1.20647394657135,
      "last": 0.470364511013031,
      "reduction_pct": 61.01328898566365
    },
    "junctions": {
      "first": 1.0574278831481934,
      "last": 0.3102226257324219,
      "reduction_pct": 70.66252643075559
    },
    "width": {
      "first": 11.66448974609375,
      "last": 0.7629497051239014,
      "reduction_pct": 93.45921063217187
    }
  },
  "all_pass": true
}