{
  "train_loss": [
    0.9823663577718554,
    0.48935452450371386,
    0.46051953250319705,
    0.4421611545408297,
    0.4199886640194077,
    0.41657541439218343,
    0.39713263029010043,
    0.37715131363029,
    0.37614445280541414,
    0.36714316707737044,
    0.3582322212322703,
    0.3609685484296496,
    0.3519853955638484,
    0.35801266065839704,
    0.33982587516682705,
    0.3391477452977648,
    0.34647845350346473,
    0.32859747378893617,
    0.3320950285396861,
    0.3248193068371254,
    0.34447530807001786,
    0.31482436486853743,
    0.3177583413022869,
    0.3078427171838359,
    0.3214595323463656,
    0.32068848467004374,
    0.30973981953454466,
    0.29526716796388414,
    0.31337687614485155,
    0.3012345517581364,
    0.2970927692012592,
    0.3040432517164908,
    0.2959863915805172,
    0.30510637784997624,
    0.2963182535608235,
    0.3045320152158632,
    0.2908537706723378,
    0.29932574543563073,
    0.29994132283067554,
    0.2910241431457067,
    0.2847856152919853,
    0.28995597294572767,
    0.2793150399137968,
    0.28594489646314075,
    0.2731219226693582,
    0.2809394365586575,
    0.2759632002679432,
    0.2751585283791119,
    0.2882844364540007,
    0.28274866626978673,
    0.2732826273818061,
    0.2706511176700862,
    0.27280077595943175,
    0.268765408944034,
    0.2630245233622362,
    0.26836813341990207,
    0.26883345917335844,
    0.26750237047203684,
    0.2714611827366569,
    0.2672257842086021,
    0.2608748106930241,
    0.2587635309066413,
    0.2658998624263507,
    0.2592756096859398,
    0.25825527211967503,
    0.2575519157093276,
    0.258478716425832,
    0.25847767902620183,
    0.2607921082409298,
    0.25825043347131155,
    0.2546067523576741,
    0.2552321616489932,
    0.245819955747926,
    0.2554835188173273,
    0.24796112765025044,
    0.2543228221647207,
    0.25338664297131624,
    0.2517496190215432,
    0.2544190131432418,
    0.25328751730750193,
    0.24443229740052103,
    0.2437675786936808,
    0.24865004991960227,
    0.24793143354871738,
    0.2470265289053977,
    0.2514874406580655,
    0.242679616448077,
    0.2506231924624376,
    0.24767132553289523,
    0.24490036407731613,
    0.24621136491216203,
    0.23887921944729187,
    0.24568712383321245,
    0.245807844161425,
    0.24977852045646254,
    0.23784330742632817,
    0.24569739509116179,
    0.2505072442428121,
    0.2444449687294615,
    0.24137355797227072
  ],
  "train_seg_loss": [
    0.61470441243746,
    0.414598286151886,
    0.39699985799174636,
    0.38378298755899165,
    0.36324284445939575,
    0.3606977749311324,
    0.3428932807449275,
    0.32520367355091767,
    0.324564969741136,
    0.3159093975833377,
    0.30806054915272213,
    0.31119714590644687,
    0.30278790475062606,
    0.3094676648670772,
    0.29237747651600987,
    0.2919678760680762,
    0.2984227425412937,
    0.2820377191470104,
    0.2850519761724292,
    0.27803435129751947,
    0.29829815201133303,
    0.2693498698092482,
    0.2718296592715401,
    0.2628612530493886,
    0.2768814659460723,
    0.27600097037711235,
    0.26515878816633104,
    0.2515358543902073,
    0.269279254073242,
    0.257739283987936,
    0.25364571826169324,
    0.2613146208086104,
    0.2530471611322847,
    0.26239044992428906,
    0.25421795169324996,
    0.2626003608013849,
    0.24868943645331845,
    0.25755582227365775,
    0.25846671962044526,
    0.24938845290046818,
    0.24379948147062985,
    0.2494123416173758,
    0.2388511061808973,
    0.24529422168274345,
    0.23305503635099098,
    0.24083319988172008,
    0.23648784860218847,
    0.23567198277831827,
    0.24866877985919048,
    0.24307860651949667,
    0.23449057113355812,
    0.2317671482011957,
    0.23404945667434787,
    0.23034018690481126,
    0.224801667456357,
    0.2304060806362134,
    0.23060275152700502,
    0.22951855988435024,
    0.23370473208667347,
    0.22952084416675866,
    0.2233351876713195,
    0.22166486377329947,
    0.22887073842656314,
    0.222726518323399,
    0.22162011127520656,
    0.22102560985060232,
    0.2218470829275419,
    0.22207333962872344,
    0.224713483497313,
    0.22272504010946495,
    0.21860770179462508,
    0.2194497602400165,
    0.21038087766687824,
    0.22001872655683719,
    0.21265284733483628,
    0.21927345833454118,
    0.21830541118042274,
    0.21700105930930413,
    0.2195367857626399,
    0.2181828389846304,
    0.20973417194525026,
    0.20943836188353832,
    0.21422610385050564,
    0.21354488277538392,
    0.2127942596942936,
    0.21756099172686255,
    0.20850537192521604,
    0.21633281668870705,
    0.2135344682109056,
    0.2103271542714452,
    0.21192268900713832,
    0.20507810963024883,
    0.21167512518008175,
    0.21160958945142022,
    0.21538026614477798,
    0.20350846652902146,
    0.2118552935854444,
    0.21601032912028287,
    0.21054998158518248,
    0.20778540899075051
  ],
  "train_skel_loss": [
    0.024510796363436203,
    0.004983749113971098,
    0.0042346449581314605,
    0.0038918778205103,
    0.003783054620176905,
    0.0037251758973448064,
    0.0036159566431174513,
    0.003463176020520663,
    0.0034386322496066444,
    0.0034155845773880776,
    0.003344778108239209,
    0.0033180934558959337,
    0.0032798326944012733,
    0.003236333094793518,
    0.0031632266438246922,
    0.003145324691373023,
    0.003203714115042884,
    0.0031039836580730364,
    0.003136203495811952,
    0.0031189970374136647,
    0.0030784770641724855,
    0.003031633045478964,
    0.0030619121815038423,
    0.0029987642042186556,
    0.002971871074548272,
    0.0029791676590904454,
    0.002972068794623732,
    0.002915420887058999,
    0.0029398414623739095,
    0.0028996845229006074,
    0.0028964700810640534,
    0.002848575360825543,
    0.0028626154239674586,
    0.0028477285116612207,
    0.0028066867770284486,
    0.0027954436515739084,
    0.002810955680386931,
    0.002784661622864411,
    0.0027649735674223973,
    0.0027757127368061235,
    0.0027324089023750275,
    0.002702908753710301,
    0.0026975955895394226,
    0.002710044945578483,
    0.0026711257322509802,
    0.002673749122241477,
    0.002631690149062237,
    0.0026324363915929162,
    0.002641043720954338,
    0.002644670647902139,
    0.002586137050354221,
    0.0025922646254569045,
    0.0025834213215974893,
    0.0025616814802457877,
    0.002548190406684723,
    0.0025308035228418994,
    0.0025487138229677068,
    0.002532254017848498,
    0.0025170966855626634,
    0.002513662653677927,
    0.002502641555946174,
    0.0024732444838052557,
    0.0024686082249431164,
    0.0024366060862813363,
    0.002442344055590132,
    0.0024350870095168494,
    0.0024421089056091464,
    0.0024269559759640797,
    0.002405241652997357,
    0.0023683594982176373,
    0.0023999366992183977,
    0.0023854934250197883,
    0.002362605192095961,
    0.0023643194678394743,
    0.0023538853792669898,
    0.0023366242538077416,
    0.002338748838373243,
    0.002316570668441021,
    0.0023254818383145947,
    0.002340311869106156,
    0.0023132084075174054,
    0.0022886144707518273,
    0.0022949297389282066,
    0.002292436691815233,
    0.0022821512661578497,
    0.0022617632727454998,
    0.0022782829807779853,
    0.002286025007407667,
    0.0022757904886512624,
    0.0023048806521139523,
    0.0022859117387773456,
    0.0022534073446511217,
    0.002267466556832177,
    0.002279883669213386,
    0.0022932169820751654,
    0.0022889893962716123,
    0.002256140113609064,
    0.002299794345528895,
    0.0022596657734127047,
    0.0022392099499541377
  ],