{
  "baseline": "B0",
  "best_miou_fg": 0.6732596888760749,
  "final_val_loss": 0.3570715800711983,
  "epochs": 100,
  "total_params": 27085251,
  "trainable_params": 27085251,
  "train_samples": 1275,
  "val_samples": 225,
  "seed": 42
}