{
  "train_loss": [
    0.5987001656548782,
    0.4293146238855596,
    0.3980585406270792,
    0.3863051136334737,
    0.3688718889306926,
    0.368014857172966,
    0.3371486595169928,
    0.3388107127551013,
    0.32866833002874685,
    0.32568689641900034,
    0.32029084280226966,
    0.3136560800690321,
    0.3072244346657264,
    0.3089660852913212,
    0.29442844001002283,
    0.30039183640817424,
    0.30456688079350397,
    0.30244498240685314,
    0.294721902658542,
    0.2853684963061,
    0.2849545478117916,
    0.28779748152449447,
    0.2904724488796303,
    0.2875788280705236,
    0.2763985222053228,
    0.26657913936852656,
    0.26361861677383475,
    0.27917761301750654,
    0.2699057460299828,
    0.27420060816894537,
    0.2707827166660027,
    0.26592078608162,
    0.26437248399703756,
    0.26059412761772954,
    0.2549946334845615,
    0.26367977603613957,
    0.26298695922179044,
    0.2551004846679902,
    0.25564155666708194,
    0.25715674300613645,
    0.2527862742496362,
    0.261659849763104,
    0.263145821438458,
    0.27787973246765585,
    0.28135967929408234,
    0.2705201855714216,
    0.2808167950584079,
    0.27091859484899716,
    0.2754633258208164,
    0.273163100224246,
    0.26749560686777224,
    0.26731566723975,
    0.2664424185201807,
    0.26650619040588913,
    0.25867858196392,
    0.2675420657831168,
    0.26534840919124253,
    0.25824296296392596,
    0.26092563417254006,
    0.26410722594309904,
    0.2600241917062481,
    0.26124290576052367,
    0.25587271847440013,
    0.2602599582066701,
    0.2636301710311347,
    0.25242516147734234,
    0.25591921194825534,
    0.25095175881430787,
    0.2595438764623876,
    0.2538585453850668,
    0.2458968481177804,
    0.24981029629238746,
    0.24786368280696044,
    0.2458718071381251,
    0.25663701477665574,
    0.2544579430594572,
    0.24381090426501237,
    0.2421963253650088,
    0.2420573075471809,
    0.2471211704677381,
    0.24631444617824735,
    0.24329229863653393,
    0.24087054587010318,
    0.2411990364744041,
    0.2484738679614457,
    0.24417568349613333,
    0.2518431028386332,
    0.23647078734664423,
    0.24649200628294884,
    0.2381563973408075,
    0.23938294979245783,
    0.24237917313270224,
    0.2523958241836455,
    0.24356373066797196,
    0.23999558501648452,
    0.23544372402647007,
    0.23882283579628422,
    0.2384859490319618,
    0.24305130323430277,
    0.2450961716262237
  ],
  "train_seg_loss": [
    0.5987001656548782,
    0.4293146238855596,
    0.3980585406270792,
    0.3863051136334737,
    0.3688718889306926,
    0.368014857172966,
    0.3371486595169928,
    0.3388107127551013,
    0.32866833002874685,
    0.32568689641900034,
    0.32029084280226966,
    0.3136560800690321,
    0.3072244346657264,
    0.3089660852913212,
    0.29442844001002283,
    0.30039183640817424,
    0.30456688079350397,
    0.30244498240685314,
    0.294721902658542,
    0.2853684963061,
    0.2849545478117916,
    0.28779748152449447,
    0.2904724488796303,
    0.2875788280705236,
    0.2763985222053228,
    0.26657913936852656,
    0.26361861677383475,
    0.27917761301750654,
    0.2699057460299828,
    0.27420060816894537,
    0.2707827166660027,
    0.26592078608162,
    0.26437248399703756,
    0.26059412761772954,
    0.2549946334845615,
    0.26367977603613957,
    0.26298695922179044,
    0.2551004846679902,
    0.25564155666708194,
    0.25715674300613645,
    0.24619876195049886,
    0.24889824799490426,
    0.24499711038181618,
    0.25405863426485154,
    0.25264503921633996,
    0.24217285574325975,
    0.2530911444399342,
    0.2434495931151528,
    0.2482458843422011,
    0.24589136130404923,
    0.24103476800633677,
    0.2410560449667322,
    0.24022115392130125,
    0.24059339310481864,
    0.23297898279233548,
    0.2420516027571083,
    0.24029094383776564,
    0.23265863172475648,
    0.23639894443206816,
    0.23950268269616104,
    0.23540324028932824,
    0.23657361101710572,
    0.23183103976478367,
    0.23605353094684253,
    0.23956721695432873,
    0.22900730291814925,
    0.2324335978325433,
    0.22736748258741396,
    0.23611696567034945,
    0.23065958994458308,
    0.22274980506619568,
    0.22699087671935558,
    0.2252109825681403,
    0.22349755084083514,
    0.23377149268609923,
    0.23204514820058392,
    0.22101868841351954,
    0.21993436263698452,
    0.2193622112555324,
    0.22505179373254566,
    0.22428319980419656,
    0.22135803754787026,
    0.21905745914990796,
    0.21927604191708114,
    0.2261106763503649,
    0.22205953845906556,
    0.22970449908068344,
    0.21473137413462004,
    0.22459966933015008,
    0.2162924293170935,
    0.21793955804651263,
    0.22020580037350548,
    0.23086529293056554,
    0.22239490578525095,
    0.21794374601083732,
    0.21410455171651435,
    0.21678214735767376,
    0.21693315625237594,
    0.2215723826450372,
    0.22272736148076988
  ],
  "train_cldice_loss": [
    0.0,
    0.0,
    0.0,
    0.0,
    0.0,
    0.0,
    0.0,
    0.0,
    0.0,
    0.0,
    0.0,
    0.0,
    0.0,
    0.0,
    0.0,
    0.0,
    0.0,
    0.0,
    0.0,
    0.0,
    0.0,
    0.0,
    0.0,
    0.0,
    0.0,
    0.0,
    0.0,
    0.0,
    0.0,
    0.0,
    0.0,
    0.0,
    0.0,
    0.0,
    0.0,
    0.0,
    0.0,
    0.0,
    0.0,
    0.0,
    0.2195837435857305,
    0.21269337017581147,
    0.2016523392320429,
    0.1985091507059973,
    0.1914309242611411,
    0.18898219076342554,
    0.18483766219900838,
    0.18312666757301715,
    0.18144960542145017,
    0.18181158686583898,
    0.17640558372503556,
    0.17506413545998387,
    0.17480842197466195,
    0.1727519762590996,
    0.17133065514594503,
    0.16993641365998946,
    0.16704975921402937,
    0.1705621949531747,
    0.16351126068793004,
    0.16403028293975494,
    0.16413966739702524,
    0.16446195608414943,
    0.16027785172252534,
    0.1613761750782061,
    0.1604196901591319,
    0.15611904653363257,
    0.15657075714765104,
    0.15722850058813514,
    0.15617939661133964,
    0.1546596976571113,
    0.15431361509569036,
    0.15212945649458928,
    0.15101799237653143,
    0.14916170299428064,
    0.1524368069081936,
    0.14941862881558496,
    0.15194810317747248,
    0.1484130750287254,
    0.15130063722718437,
    0.14712917317384444,
    0.14687496929798485,
    0.14622840247814012,
    0.14542057098082775,
    0.14615329050417966,
    0.14908793905995926,
    0.14744096450835653,
    0.1475906825665408,
    0.14492941558735925,
    0.14594890242852504,
    0.14575977820270467,
    0.1429559459101479,
    0.14782247884468463,
    0.1435368705845479,
    0.14112548914345555,
    0.14701225229029385,
    0.14226114093882483,
    0.14693791648876742,
    0.14368527584105917,
    0.14319279733693824,
    0.14912539776766076
  ],