{
  "train_loss": [
    0.8061540931838114,
    0.46149855435082,
    0.43066399342983774,
    0.417926588007864,
    0.3925358440328694,
    0.38392442895931267,
    0.37316088031672834,
    0.3722429944190589,
    0.35596965379872414,
    0.34901504359155333,
    0.3414326129984931,
    0.34789976897011016,
    0.33466328090091924,
    0.3294798981562351,
    0.326484813958219,
    0.329904354593289,
    0.32609094100647,
    0.3152785010917007,
    0.3174478664244496,
    0.30874742213753786,
    0.31621486503841745,
    0.29925973633737685,
    0.3103704288742452,
    0.3014860603747503,
    0.3009751261264648,
    0.3000895114111825,
    0.29390580706157776,
    0.28724180532139054,
    0.29546024516787167,
    0.2940035915974551,
    0.2787783256491775,
    0.2879709694417393,
    0.28508833270965134,
    0.2837855949201299,
    0.27766911882274553,
    0.28153317672370365,
    0.2750470074561407,
    0.28536061738740726,
    0.28434248526328765,
    0.27706240546309724,
    0.2725926718247012,
    0.28052042712861636,
    0.2672639161160907,
    0.2739266144966929,
    0.2622351879312557,
    0.27517443217055976,
    0.2638376485204922,
    0.26152842571525453,
    0.2747703990752592,
    0.26916023247740556,
    0.26323446338562845,
    0.2549122841150131,
    0.2566449672639745,
    0.2577694008747737,
    0.2539926085316535,
    0.25888218772861193,
    0.2560647816496825,
    0.25613602499167126,
    0.2584311275057635,
    0.2540285954216741,
    0.24287062102003293,
    0.24705458168854127,
    0.25430962836967325,
    0.24918974099575347,
    0.24673432367121648,
    0.24491336974520353,
    0.24572776719552916,
    0.24741130838838388,
    0.2527158638263274,
    0.252476165387428,
    0.24131355993449688,
    0.24562863863817175,
    0.234990184950941,
    0.243886623016131,
    0.2386163777009871,
    0.24581566052335613,
    0.24001243647258236,
    0.24328534787743347,
    0.244500671425518,
    0.24003059379522157,
    0.232742956482202,
    0.23375140116462167,
    0.23668389611602206,
    0.23827027808289108,
    0.23789030881657167,
    0.24282057178001734,
    0.23310112594714705,
    0.2409734082460966,
    0.2372236856780712,
    0.2326183226310982,
    0.23138007953903586,
    0.228454335949987,
    0.23408883729211563,
    0.2353297393394154,
    0.23910846975895594,
    0.23057821086086566,
    0.2364405739419865,
    0.2384859692047602,
    0.23391119849944264,
    0.23110243566802838
  ],
  "train_seg_loss": [
    0.6074912134768828,
    0.4205408846994616,
    0.3961843275611506,
    0.385992316751735,
    0.3609975460190443,
    0.35408349712408566,
    0.34342881439710565,
    0.34376230613334374,
    0.32805995078487965,
    0.32127025875749077,
    0.31378875269829853,
    0.3208615460532641,
    0.30788094065380545,
    0.30277675910378404,
    0.30002582893244123,
    0.30380193148768925,
    0.3002325694234866,
    0.28956074916622926,
    0.2919444312698811,
    0.2832549481225089,
    0.29099221508832845,
    0.2741481031543054,
    0.285443450365239,
    0.2765881453623187,
    0.2765213430583852,
    0.27577360164163245,
    0.2694725370350874,
    0.26305671183849283,
    0.27145878026414216,
    0.26986384117659534,
    0.2549057656067347,
    0.26429031555007837,
    0.26138327938486944,
    0.26054640238483745,
    0.25433764077207577,
    0.25830293941141674,
    0.25215852893186064,
    0.2625708965198049,
    0.26162713730953774,
    0.2542748982965384,
    0.25009378035254076,
    0.25803134923086224,
    0.24495404173836768,
    0.251507052530845,
    0.2399768766437499,
    0.2532926339351531,
    0.24187306830155775,
    0.23940050489497636,
    0.2530194646063841,
    0.24749724944151422,
    0.24178932145612794,
    0.23339800981793013,
    0.23536736684494047,
    0.2364103023033097,
    0.23279910787658872,
    0.23773626545034116,
    0.23507323760375287,
    0.23530699361888868,
    0.2377688622207574,
    0.2334830438565908,
    0.2225279373895822,
    0.22647504228512821,
    0.23390071374018612,
    0.22903850283356583,
    0.22646259886663664,
    0.22486261257304335,
    0.22558064314788617,
    0.22734926886997134,
    0.2325800084421095,
    0.23255433809925924,
    0.221577302980348,
    0.22566938205803716,
    0.21523690037429333,
    0.2243462840809762,
    0.2190395084988771,
    0.22623401200808818,
    0.22071312542465873,
    0.22379144151115193,
    0.2253178683865183,
    0.22079541110111484,
    0.21347141078433152,
    0.21471744407928964,
    0.21762742806202587,
    0.21918547041011308,
    0.2187035884473871,
    0.22365421234811628,
    0.21414914638178903,
    0.22212963865238167,
    0.21830338469278887,
    0.21366166916189702,
    0.2123945838063018,
    0.20961559115200298,
    0.2152300070760385,
    0.21656032402138664,
    0.2201343092762824,
    0.21169930518423236,
    0.21758008945100712,
    0.21965373869774477,
    0.21493700696096854,
    0.2121818313527407
  ],
  "train_skel_loss": [
    0.024832859872576763,
    0.005119708709714571,
    0.004309958098500194,
    0.0039917841812144705,
    0.0039422872564872525,
    0.003730116525347163,
    0.003716508224394184,
    0.0035600861162532987,
    0.0034887129298130154,
    0.003468098108650847,
    0.003455482542832564,
    0.0033797778790661446,
    0.0033477924573059492,
    0.0033378923824715937,
    0.003307373251044045,
    0.0032628028342022953,
    0.0032322964045832683,
    0.003214719001300422,
    0.0031879292833970263,
    0.003186559213988729,
    0.0031528313377536775,
    0.003138954303653489,
    0.0031158723199407644,
    0.003112239354222708,
    0.0030567228382983413,
    0.0030394886855003803,
    0.0030541587437930627,
    0.0030231366337441002,
    0.003000183146646094,
    0.0030174688840615884,
    0.0029840699650358947,
    0.002960081777459233,
    0.002963131668800986,
    0.00290489911926184,
    0.00291643482296136,
    0.002903779691309264,
    0.002861059763001676,
    0.0028487150859360074,
    0.0028394184404956294,
    0.0028484384080837335,
    0.0028123614429891603,
    0.002811134689811137,
    0.00278873428385324,
    0.002802445239141443,
    0.0027822888562083832,
    0.002735224758375893,
    0.002745572455247876,
    0.0027659900522894816,
    0.0027188668258154307,
    0.002707872950873168,
    0.002680642687647498,
    0.0026892843785653268,
    0.0026597000412136294,
    0.002669887350628346,
    0.0026491875317293284,
    0.002643240348848883,
    0.0026239429762712884,
    0.002603628789623848,
    0.0025827831080924343,
    0.0025681938606119605,
    0.0025428354523419957,
    0.002572442553007577,
    0.00255111431752027,
    0.0025189047585587082,
    0.0025339656377302002,
    0.0025063446066166573,
    0.002518390491678022,
    0.002507755016862655,
    0.002516981974462305,
    0.0024902284710591883,
    0.0024670320741485207,
    0.0024949070415825657,
    0.0024691606373357755,
    0.0024425423621352318,
    0.0024471086859571274,
    0.0024477060958918817,
    0.0024124138121663025,
    0.002436738306218641,
    0.002397850333290532,
    0.002404397830356838,
    0.0024089432175420575,
    0.0023792446774002986,
    0.002382058556079601,
    0.002385600913885641,
    0.0023983399351325133,
    0.0023957949255098174,
    0.002368997429561971,
    0.002355471238568601,
    0.002365037619682474,
    0.0023695816904227337,
    0.0023731869940481986,
    0.002354843073755901,
    0.002357353747082119,
    0.002346176929946157,
    0.0023717700149395366,
    0.002359863197681371,
    0.0023575605933134204,
    0.002354028823261249,
    0.0023717739313266844,
    0.002365075521564269
  ],