{
  "train_loss": [
    0.6090815507765835,
    0.43804604063431424,
    0.4025432849830052,
    0.39012808554202505,
    0.3692829140092967,
    0.36547920775582204,
    0.3540597218293814,
    0.33920594091591594,
    0.32494354308963574,
    0.3264484327028757,
    0.31781563228406245,
    0.3211938369808332,
    0.31442387057644017,
    0.3013862251485669,
    0.3085376185909757,
    0.3107304557829908,
    0.3003484784572754,
    0.30569852340333864,
    0.30527522199371326,
    0.2851576943114494,
    0.29350353917985594,
    0.2826327601646852,
    0.283174206836606,
    0.2798511985478536,
    0.2851189724023237,
    0.276332196715118,
    0.27410223189764804,
    0.27074864031102674,
    0.27652146585238807,
    0.2701129102669422,
    0.2683316214513854,
    0.2732867516530385,
    0.26398216602656077,
    0.27714350737584464,
    0.26104939632914353,
    0.2641575392218506,
    0.2577012202837182,
    0.2551781714149991,
    0.26671675723866095,
    0.2611703543964797,
    0.2565101610039765,
    0.2624196042804598,
    0.2574256074690969,
    0.2599669300816344,
    0.2459244075576839,
    0.2535256597933904,
    0.2477727285674158,
    0.23974369226152417,
    0.25427974194709985,
    0.25126116678306143,
    0.24945298439395502,
    0.2400056834115922,
    0.24679212447888446,
    0.24119106443516863,
    0.23547975988414302,
    0.23909649915946354,
    0.24075768857538324,
    0.24047391233766605,
    0.2436100764071229,
    0.24302576943857115,
    0.2289550408674111,
    0.2334048900776689,
    0.242432074562746,
    0.22993791832020447,
    0.22954729033060045,
    0.23081352910811795,
    0.2300650574056045,
    0.2281556894194405,
    0.2374330092713518,
    0.23466916986793843,
    0.2280783438410774,
    0.22630879443443422,
    0.2230463713384087,
    0.2290217747572083,
    0.2240582971406058,
    0.23032308341759555,
    0.2294418375423682,
    0.23115649999781224,
    0.22964453362162757,
    0.22532464451384995,
    0.2213373086034502,
    0.22114264794022032,
    0.22541249979217098,
    0.22302280989645412,
    0.22465868602336952,
    0.22983782397547983,
    0.22062338872244522,
    0.22571283658532976,
    0.2220947442681722,
    0.22063005066611482,
    0.22386753322474612,
    0.21506556254700296,
    0.22034427870369558,
    0.2236585825002231,
    0.2238964653989804,
    0.217191089717847,
    0.2230680238970983,
    0.22561741156398124,
    0.22082379343187283,
    0.21912368389326822
  ],
  "train_seg_loss": [
    0.6019106800638655,
    0.43161624346701605,
    0.39627811354848574,
    0.3840293124224405,
    0.3632500576523115,
    0.3595286430146709,
    0.3482682118719479,
    0.3335421730840356,
    0.31933322345029636,
    0.32087047473064756,
    0.3122690035346544,
    0.3157398776157097,
    0.30899959964291107,
    0.2960252086134077,
    0.30322752806281894,
    0.3054719545978045,
    0.295084518737763,
    0.3004943808575846,
    0.3001281957393922,
    0.280000914591101,
    0.2883975235452442,
    0.2775308830230116,
    0.2780917644641309,
    0.2748047393401089,
    0.28011777964215606,
    0.2713044544670192,
    0.26905226224810824,
    0.26570882713832195,
    0.27153082892486136,
    0.2651299651267019,
    0.263380460605119,
    0.2683666648589215,
    0.2590245089066104,
    0.2722614418082642,
    0.25615118978158485,
    0.25927233909192327,
    0.25282608548987584,
    0.2503398561487033,
    0.2618723395954138,
    0.2563274544927309,
    0.2517128643468491,
    0.2576198295672547,
    0.25263750117342426,
    0.25515004399718727,
    0.24115808567020502,
    0.24878824852500697,
    0.24302431338894293,
    0.23498875877392367,
    0.24955501133259736,
    0.24651567684779377,
    0.24472884468312534,
    0.23531392322115177,
    0.24210910393663174,
    0.23652214043826428,
    0.23082317850031192,
    0.23444931851055636,
    0.2361348973786306,
    0.23586005155207976,
    0.23894806137109328,
    0.2383972611161148,
    0.22431358526337822,
    0.2287822129122866,
    0.23783095007610022,
    0.2253463330602496,
    0.22497254420282706,
    0.22623855142660862,
    0.22548228283207747,
    0.22359705781974132,
    0.23288788608972383,
    0.23013915421452913,
    0.2235545200887341,
    0.22178572457307164,
    0.21852892340869648,
    0.22450165074529513,
    0.2195439845581287,
    0.22583215301797824,
    0.22493757402418918,
    0.2266775201420364,
    0.22518207208962185,
    0.2208276608923696,
    0.21683964868948893,
    0.21664241771653014,
    0.2209510161254391,
    0.2185666227959237,
    0.22018747616254683,
    0.22535978620813327,
    0.21616645534552117,
    0.22126721475952826,
    0.21764421553216265,
    0.21614955520292498,
    0.21940365691417418,
    0.210635687851306,
    0.21587981225090958,
    0.21919791447291584,
    0.2194643365980694,
    0.2127692702946798,
    0.21862464393459777,
    0.22115366531055677,
    0.2163836250093373,
    0.21466806317744014
  ],
  "train_skel_loss": [
    0.023902903469103686,
    0.021432654481123452,
    0.020883903036233765,
    0.020329242882629234,
    0.020109520343559905,
    0.0198352132344021,
    0.019305032962031145,
    0.01887922676034131,
    0.018701065337554838,
    0.01859319362344232,
    0.018488761020015995,
    0.018179865076599067,
    0.018080903975726485,
    0.01787005386567153,
    0.017700302804111497,
    0.017528336960822344,
    0.017546532570191148,
    0.017347141174868966,
    0.01715675638344303,
    0.017189264458563155,
    0.017020049865164283,
    0.017006255738999485,
    0.01694147425276116,
    0.01682152949367304,
    0.01667064230643072,
    0.01675913928357779,
    0.01683323223834986,
    0.01679937622609472,
    0.016635455864733494,
    0.016609817977596378,
    0.01650387010941247,
    0.016400290374884254,
    0.01652552646075217,
    0.01627355270415732,
    0.016327355680811517,
    0.01628399905367936,
    0.01625045003814611,
    0.016127718378256703,
    0.016148056547924783,
    0.016142998438375362,
    0.015990989200723997,
    0.015999247378570104,
    0.015960352161442332,
    0.01605628634972861,
    0.01588773768418615,
    0.015791370082388883,
    0.015828050520716223,
    0.015849778062587826,
    0.015749100493208604,
    0.015818297980154085,
    0.015747131419561383,
    0.015639202774695632,
    0.015610067633642527,
    0.015563079914511562,
    0.015521937032353203,
    0.01549060125805953,
    0.015409304332808129,
    0.015379535176340232,
    0.015540049071628717,
    0.015428360741960365,
    0.015471517861053441,
    0.01540892334572924,
    0.015337079687266605,
    0.015305284934950137,
    0.015249152454026279,
    0.01524992509739204,
    0.015275915244113912,
    0.015195437677720058,
    0.015150410779195387,
    0.015100053742926263,
    0.015079413114537327,
    0.015076897821664435,
    0.015058160665790615,
    0.015067078354739168,
    0.015047709466362337,
    0.014969766459211052,
    0.015014211276733557,
    0.014929931118803204,
    0.014874872375197662,
    0.01498994314984518,
    0.01499219817906009,
    0.01500076643021414,
    0.01487161154688904,
    0.014853957609958807,
    0.014904033375095646,
    0.014926791650904986,
    0.014856443246943678,
    0.014818738838482016,
    0.014835095049157363,
    0.014934984861679797,
    0.014879586453309411,
    0.014766249694398739,
    0.014881553380228814,
    0.014868891264938709,
    0.01477376256524673,
    0.014739399011475298,
    0.014811266566562297,
    0.014879154767723952,
    0.014800559000094544,
    0.01485207013832698
  ],