{
  "train_loss": [
    1.1054509166838988,
    0.5149253161167199,
    0.47093083606388586,
    0.46513157056749993,
    0.4422169471593023,
    0.42020303470158726,
    0.4272976885989027,
    0.4041068110169855,
    0.4002383604364575,
    0.3872739303411928,
    0.3785535674425041,
    0.37334563419129113,
    0.37168418794120633,
    0.3620109246961726,
    0.3541143047594049,
    0.3632554284665944,
    0.3682409650968306,
    0.3574513373135021,
    0.3491136780324972,
    0.34108763905066364,
    0.35541079914982215,
    0.3441867723873576,
    0.3432691199646431,
    0.3371861070722529,
    0.3345321504012594,
    0.33264711792082907,
    0.328703595875944,
    0.3208732356627782,
    0.32751818835360447,
    0.31943560562699846,
    0.31364580585896595,
    0.31527032126795573,
    0.3128576635049199,
    0.3164461945540875,
    0.31437212188944874,
    0.31702267085699914,
    0.30690041943541113,
    0.3085699810781194,
    0.3100097196516376,
    0.3055288923798867,
    0.2997020733946899,
    0.30626048740444695,
    0.29792197559427164,
    0.30349040985013703,
    0.29786632835583865,
    0.30075548190928103,
    0.29150553588878436,
    0.287686020627899,
    0.300255418222093,
    0.2949708380367396,
    0.2910178313676104,
    0.2835995877313914,
    0.2867039161376983,
    0.2822932328255671,
    0.2810106058868597,
    0.28370387507778294,
    0.2827673721472797,
    0.2829229749926606,
    0.2879862912444386,
    0.2791880524758273,
    0.27376587321079754,
    0.27306457899464004,
    0.2770237792869034,
    0.2741367580287112,
    0.27116071528889846,
    0.27220974030828327,
    0.2697570014206119,
    0.2707431083486515,
    0.2744878023019377,
    0.27609525656081596,
    0.27006697156847276,
    0.26839498381288546,
    0.26005747986945715,
    0.26979788673936195,
    0.2624910889462855,
    0.2681443937731989,
    0.2667013167069768,
    0.2706963837896503,
    0.2724795529396279,
    0.26410063405363066,
    0.2574731947959594,
    0.2586248464788656,
    0.2646593733942546,
    0.26214788397246935,
    0.26137190310975666,
    0.26845856296753734,
    0.26007202844012456,
    0.26400799465910446,
    0.2591796302289333,
    0.25606837927264237,
    0.2603320640353662,
    0.25604498754226185,
    0.25916352082020455,
    0.2615655153380625,
    0.26218813025164156,
    0.2552102863460592,
    0.2656143160314305,
    0.2660114679415271,
    0.2601948598364614,
    0.2585502697518037
  ],
  "train_seg_loss": [
    0.6161073545614878,
    0.41674040304789756,
    0.38742114469971295,
    0.3871760950335916,
    0.36671375947178536,
    0.347160833764751,
    0.35569106646866167,
    0.33439332757543466,
    0.33257879323835643,
    0.3191406496759481,
    0.3117350865178888,
    0.307966947227529,
    0.306548239956112,
    0.29769975560828577,
    0.29041314558506764,
    0.300096481148177,
    0.3047867483640992,
    0.29395536919059995,
    0.28622302082630824,
    0.27887954651934543,
    0.29377490284401664,
    0.28273527586610064,
    0.2827598434761635,
    0.27670652257665146,
    0.2745525498739766,
    0.2726667469261952,
    0.2697069746377708,
    0.26110297750751926,
    0.26925704363475805,
    0.2615074834452485,
    0.25620544666670403,
    0.25813068557272917,
    0.2558751972450775,
    0.25952269235309566,
    0.25768686334292096,
    0.26098855959731826,
    0.25046516746376296,
    0.253425298082941,
    0.25498136296962043,
    0.2499150035656848,
    0.24487577200685656,
    0.25163558563627536,
    0.24399236275714897,
    0.24924259232181423,
    0.24361814082887187,
    0.24677715230287997,
    0.2385238067908857,
    0.23493632983486606,
    0.2478603147110849,
    0.2425840772079222,
    0.23870726459243763,
    0.23155911402694834,
    0.23459958685737736,
    0.23045453265215615,
    0.22975800727617066,
    0.23222041950098374,
    0.23235881710483594,
    0.23227146131999837,
    0.23694064120217315,
    0.22946501153070223,
    0.22330179224786517,
    0.22234227979239427,
    0.22829041173154452,
    0.22501971764759449,
    0.2221533406361844,
    0.22321759721955414,
    0.22064475475008008,
    0.2224708157562235,
    0.22609214154335688,
    0.22778063751288555,
    0.2217075287733438,
    0.22021515517489715,
    0.21235657983559109,
    0.2222796575570444,
    0.21478292508835686,
    0.22077802088369364,
    0.21947017369452138,
    0.22322899199225618,
    0.22548062258265303,
    0.21733504916840005,
    0.21099988958042748,
    0.2117688117560538,
    0.21789458972759218,
    0.21548622239779378,
    0.2147369144378968,
    0.22222156473581897,
    0.213596762116975,
    0.21794942576649054,
    0.21305635888949506,
    0.2101409024787399,
    0.2142296158972214,
    0.20952487762712832,
    0.21310013204625566,
    0.21548912812422658,
    0.21611460232697194,
    0.20894715370340916,
    0.2191915466280291,
    0.21971702298044032,
    0.21399114902992294,
    0.2124749470220984
  ],
  "train_skel_loss": [
    0.02446717831435022,
    0.004909245641799585,
    0.00417548451578514,
    0.0038977738124986163,
    0.003775159436652917,
    0.003652110029196472,
    0.0035803310924360484,
    0.0034856742239519132,
    0.0033829783443830113,
    0.003406664072872731,
    0.0033409240217762265,
    0.0032689343936925857,
    0.0032567973929580373,
    0.003215558427066027,
    0.003185057988443043,
    0.00315794738030805,
    0.0031727108489004487,
    0.003174798408817535,
    0.003144532836550472,
    0.003110404638134224,
    0.003081794839342119,
    0.0030725748057084733,
    0.003025463845400702,
    0.0030239792967159534,
    0.0029989800122332227,
    0.0029990186004345922,
    0.0029498310638855227,
    0.002988512931814792,
    0.002913057230817119,
    0.0028964060886965117,
    0.0028720179952698636,
    0.002856981781320119,
    0.0028491232835405078,
    0.002846175091964948,
    0.0028342629507192817,
    0.0028017055414948,
    0.0028217625958001555,
    0.0027572341801806607,
    0.002751417803093381,
    0.0027806944528275387,
    0.0027413151039135694,
    0.0027312450366257252,
    0.0026964806347906756,
    0.0027123908675202525,
    0.0027124094185580457,
    0.0026989164710031683,
    0.002649086470508497,
    0.002637484542873202,
    0.0026197551536218575,
    0.0026193380724849565,
    0.002615528307220336,
    0.0026020236947037773,
    0.0026052164713011574,
    0.002591935015333313,
    0.002562629921272479,
    0.0025741728030016305,
    0.002520427744251342,
    0.00253257565754949,
    0.0025522825117779415,
    0.0024861520185185094,
    0.0025232040440281503,
    0.0025361149667750505,
    0.002436668391038558,
    0.0024558519984818057,
    0.0024503687151001896,
    0.0024496071315560867,
    0.002455612331732768,
    0.002413614664399563,
    0.002419783067325739,
    0.0024157309638000966,
    0.0024179721696565145,
    0.002408991427213516,
    0.0023850449994235715,
    0.002375911453587981,
    0.0023854081604978267,
    0.0023683186633469914,
    0.002361557170025325,
    0.002373369611432167,
    0.0023499465102341565,
    0.0023382792542922842,
    0.002323665288049997,
    0.0023428017270616577,
    0.0023382391897579305,
    0.002333083096122861,
    0.0023317494278271397,
    0.002311849938639668,
    0.002323763297578619,
    0.0023029284066126724,
    0.002306163569003689,
    0.002296373860378978,
    0.002305122456896271,
    0.0023260055007903583,
    0.002303169431494704,
    0.002303819351649474,
    0.002303676393451228,
    0.0023131566479108034,
    0.002321138431529702,
    0.002314722263027252,
    0.002310185514554475,
    0.002303766176114064
  ],